split,family,task,source_id,review_status,system,user,assistant,approved,review_note
train,commute,rewrite_slang,commute-01,synthetic_needs_review,"Skriv om meningen på naturlig svensk vardagsslang. Behåll exakt samma betydelse, negationer, namn och sakuppgifter. Lägg inte till någon ny information.",Jag orkar inte vänta på bussen längre.,Jag pallar inte vänta på bussen längre.,,
train,commute,rewrite_malmo_mild,commute-01,synthetic_needs_review,"Skriv om meningen på modern, mild malmöitisk vardagssvenska. Tonen ska vara avslappnad och naturlig, inte stereotyp eller fonetiskt skriven. Behåll exakt samma betydelse och lägg inte till information.",Jag orkar inte vänta på bussen längre.,Jag pallar inte vänta på bussen mer.,,
train,commute,rewrite_malmo_medium,commute-01,synthetic_needs_review,"Skriv om meningen på modern malmöitisk vardagssvenska med tydlig men naturlig vardagston. Undvik karikatyr och överanvänd inte regionala markörer. Behåll exakt samma betydelse, negationer och sakuppgifter.",Jag orkar inte vänta på bussen längre.,Jag pallar inte stå här och vänta på bussen mer.,,
train,commute,neutralize,commute-01,synthetic_needs_review,"Skriv om meningen på neutral standardsvenska utan slang eller regionala uttryck. Behåll exakt samma betydelse, negationer och sakuppgifter.",Jag pallar inte stå här och vänta på bussen mer.,Jag orkar inte vänta på bussen längre.,,
train,commute,rewrite_slang,commute-02,synthetic_needs_review,"Skriv om meningen på naturlig svensk vardagsslang. Behåll exakt samma betydelse, negationer, namn och sakuppgifter. Lägg inte till någon ny information.",Tåget är försenat igen.,Tåget är sent igen.,,
train,commute,rewrite_malmo_mild,commute-02,synthetic_needs_review,"Skriv om meningen på modern, mild malmöitisk vardagssvenska. Tonen ska vara avslappnad och naturlig, inte stereotyp eller fonetiskt skriven. Behåll exakt samma betydelse och lägg inte till information.",Tåget är försenat igen.,"Tåget är försenat igen, typiskt.",,
train,commute,rewrite_malmo_medium,commute-02,synthetic_needs_review,"Skriv om meningen på modern malmöitisk vardagssvenska med tydlig men naturlig vardagston. Undvik karikatyr och överanvänd inte regionala markörer. Behåll exakt samma betydelse, negationer och sakuppgifter.",Tåget är försenat igen.,"Tåget är sent igen, så klart.",,
train,commute,neutralize,commute-02,synthetic_needs_review,"Skriv om meningen på neutral standardsvenska utan slang eller regionala uttryck. Behåll exakt samma betydelse, negationer och sakuppgifter.","Tåget är sent igen, så klart.",Tåget är försenat igen.,,
train,commute,rewrite_slang,commute-03,synthetic_needs_review,"Skriv om meningen på naturlig svensk vardagsslang. Behåll exakt samma betydelse, negationer, namn och sakuppgifter. Lägg inte till någon ny information.",Vi måste gå nu för att hinna med tåget.,Vi måste dra nu för att hinna med tåget.,,
train,commute,rewrite_malmo_mild,commute-03,synthetic_needs_review,"Skriv om meningen på modern, mild malmöitisk vardagssvenska. Tonen ska vara avslappnad och naturlig, inte stereotyp eller fonetiskt skriven. Behåll exakt samma betydelse och lägg inte till information.",Vi måste gå nu för att hinna med tåget.,Vi får dra nu om vi ska hinna med tåget.,,
train,commute,rewrite_malmo_medium,commute-03,synthetic_needs_review,"Skriv om meningen på modern malmöitisk vardagssvenska med tydlig men naturlig vardagston. Undvik karikatyr och överanvänd inte regionala markörer. Behåll exakt samma betydelse, negationer och sakuppgifter.",Vi måste gå nu för att hinna med tåget.,"Vi får dra nu, annars missar vi tåget.",,
train,commute,neutralize,commute-03,synthetic_needs_review,"Skriv om meningen på neutral standardsvenska utan slang eller regionala uttryck. Behåll exakt samma betydelse, negationer och sakuppgifter.","Vi får dra nu, annars missar vi tåget.",Vi måste gå nu för att hinna med tåget.,,
train,commute,rewrite_slang,commute-04,synthetic_needs_review,"Skriv om meningen på naturlig svensk vardagsslang. Behåll exakt samma betydelse, negationer, namn och sakuppgifter. Lägg inte till någon ny information.",Det tog lång tid att komma genom trafiken.,Det tog skitlång tid att komma genom trafiken.,,
train,commute,rewrite_malmo_mild,commute-04,synthetic_needs_review,"Skriv om meningen på modern, mild malmöitisk vardagssvenska. Tonen ska vara avslappnad och naturlig, inte stereotyp eller fonetiskt skriven. Behåll exakt samma betydelse och lägg inte till information.",Det tog lång tid att komma genom trafiken.,Det tog riktigt lång tid att komma genom trafiken.,,
train,commute,rewrite_malmo_medium,commute-04,synthetic_needs_review,"Skriv om meningen på modern malmöitisk vardagssvenska med tydlig men naturlig vardagston. Undvik karikatyr och överanvänd inte regionala markörer. Behåll exakt samma betydelse, negationer och sakuppgifter.",Det tog lång tid att komma genom trafiken.,Det tog hur lång tid som helst att komma genom trafiken.,,
train,commute,neutralize,commute-04,synthetic_needs_review,"Skriv om meningen på neutral standardsvenska utan slang eller regionala uttryck. Behåll exakt samma betydelse, negationer och sakuppgifter.",Det tog hur lång tid som helst att komma genom trafiken.,Det tog lång tid att komma genom trafiken.,,
train,commute,rewrite_slang,commute-05,synthetic_needs_review,"Skriv om meningen på naturlig svensk vardagsslang. Behåll exakt samma betydelse, negationer, namn och sakuppgifter. Lägg inte till någon ny information.",Jag hittar inte rätt hållplats.,Jag hittar fan inte rätt hållplats.,,
train,commute,rewrite_malmo_mild,commute-05,synthetic_needs_review,"Skriv om meningen på modern, mild malmöitisk vardagssvenska. Tonen ska vara avslappnad och naturlig, inte stereotyp eller fonetiskt skriven. Behåll exakt samma betydelse och lägg inte till information.",Jag hittar inte rätt hållplats.,Jag hittar inte rätt hållplats alls.,,
train,commute,rewrite_malmo_medium,commute-05,synthetic_needs_review,"Skriv om meningen på modern malmöitisk vardagssvenska med tydlig men naturlig vardagston. Undvik karikatyr och överanvänd inte regionala markörer. Behåll exakt samma betydelse, negationer och sakuppgifter.",Jag hittar inte rätt hållplats.,Jag fattar inte vilken hållplats jag ska till.,,
train,commute,neutralize,commute-05,synthetic_needs_review,"Skriv om meningen på neutral standardsvenska utan slang eller regionala uttryck. Behåll exakt samma betydelse, negationer och sakuppgifter.",Jag fattar inte vilken hållplats jag ska till.,Jag hittar inte rätt hållplats.,,
train,commute,rewrite_slang,commute-06,synthetic_needs_review,"Skriv om meningen på naturlig svensk vardagsslang. Behåll exakt samma betydelse, negationer, namn och sakuppgifter. Lägg inte till någon ny information.",Bussen körde förbi utan att stanna.,Bussen bara körde förbi utan att stanna.,,
train,commute,rewrite_malmo_mild,commute-06,synthetic_needs_review,"Skriv om meningen på modern, mild malmöitisk vardagssvenska. Tonen ska vara avslappnad och naturlig, inte stereotyp eller fonetiskt skriven. Behåll exakt samma betydelse och lägg inte till information.",Bussen körde förbi utan att stanna.,Bussen körde bara förbi utan att stanna.,,
train,commute,rewrite_malmo_medium,commute-06,synthetic_needs_review,"Skriv om meningen på modern malmöitisk vardagssvenska med tydlig men naturlig vardagston. Undvik karikatyr och överanvänd inte regionala markörer. Behåll exakt samma betydelse, negationer och sakuppgifter.",Bussen körde förbi utan att stanna.,Bussen bara drog förbi utan att stanna.,,
train,commute,neutralize,commute-06,synthetic_needs_review,"Skriv om meningen på neutral standardsvenska utan slang eller regionala uttryck. Behåll exakt samma betydelse, negationer och sakuppgifter.",Bussen bara drog förbi utan att stanna.,Bussen körde förbi utan att stanna.,,
train,commute,chat_malmo_mild,commute-chat-01,synthetic_needs_review,"Svara kort, hjälpsamt och naturligt på mild modern malmöitisk vardagssvenska. Hitta inte på fakta och använd inte dialektmarkörer i varje mening.",Bussen är tjugo minuter sen. Vad gör jag?,Kolla nästa avgång och om det finns en annan linje. Annars får du vänta lite till.,,
train,commute,chat_malmo_medium,commute-chat-01,synthetic_needs_review,Svara kort och konkret på modern malmöitisk vardagssvenska. Tonen får vara urban och avslappnad men inte stereotyp. Hitta inte på fakta.,Bussen är tjugo minuter sen. Vad gör jag?,Kolla nästa avgång och se om du kan ta en annan linje. Annars är det bara att vänta lite till.,,
train,commute,chat_malmo_mild,commute-chat-02,synthetic_needs_review,"Svara kort, hjälpsamt och naturligt på mild modern malmöitisk vardagssvenska. Hitta inte på fakta och använd inte dialektmarkörer i varje mening.",Tror du jag hinner tåget?,Det beror på hur långt du har kvar. Börja gå nu och kolla avgångstiden.,,
train,commute,chat_malmo_medium,commute-chat-02,synthetic_needs_review,Svara kort och konkret på modern malmöitisk vardagssvenska. Tonen får vara urban och avslappnad men inte stereotyp. Hitta inte på fakta.,Tror du jag hinner tåget?,"Svårt att säga utan tiden, men börja dra nu och kolla avgången.",,
train,work,rewrite_slang,work-01,synthetic_needs_review,"Skriv om meningen på naturlig svensk vardagsslang. Behåll exakt samma betydelse, negationer, namn och sakuppgifter. Lägg inte till någon ny information.",Jag förstår inte varför mötet blev inställt.,Jag fattar inte varför mötet blev inställt.,,
train,work,rewrite_malmo_mild,work-01,synthetic_needs_review,"Skriv om meningen på modern, mild malmöitisk vardagssvenska. Tonen ska vara avslappnad och naturlig, inte stereotyp eller fonetiskt skriven. Behåll exakt samma betydelse och lägg inte till information.",Jag förstår inte varför mötet blev inställt.,Jag fattar inte varför de ställde in mötet.,,
train,work,rewrite_malmo_medium,work-01,synthetic_needs_review,"Skriv om meningen på modern malmöitisk vardagssvenska med tydlig men naturlig vardagston. Undvik karikatyr och överanvänd inte regionala markörer. Behåll exakt samma betydelse, negationer och sakuppgifter.",Jag förstår inte varför mötet blev inställt.,Jag fattar inte varför de bara ställde in mötet.,,
train,work,neutralize,work-01,synthetic_needs_review,"Skriv om meningen på neutral standardsvenska utan slang eller regionala uttryck. Behåll exakt samma betydelse, negationer och sakuppgifter.",Jag fattar inte varför de bara ställde in mötet.,Jag förstår inte varför mötet blev inställt.,,
train,work,rewrite_slang,work-02,synthetic_needs_review,"Skriv om meningen på naturlig svensk vardagsslang. Behåll exakt samma betydelse, negationer, namn och sakuppgifter. Lägg inte till någon ny information.",Det är svårt att få ett tydligt besked.,Det är svårt att få ett vettigt besked.,,
train,work,rewrite_malmo_mild,work-02,synthetic_needs_review,"Skriv om meningen på modern, mild malmöitisk vardagssvenska. Tonen ska vara avslappnad och naturlig, inte stereotyp eller fonetiskt skriven. Behåll exakt samma betydelse och lägg inte till information.",Det är svårt att få ett tydligt besked.,Det är rätt svårt att få ett tydligt besked.,,
train,work,rewrite_malmo_medium,work-02,synthetic_needs_review,"Skriv om meningen på modern malmöitisk vardagssvenska med tydlig men naturlig vardagston. Undvik karikatyr och överanvänd inte regionala markörer. Behåll exakt samma betydelse, negationer och sakuppgifter.",Det är svårt att få ett tydligt besked.,Det är ett jäkla klydd att få ett tydligt besked.,,
train,work,neutralize,work-02,synthetic_needs_review,"Skriv om meningen på neutral standardsvenska utan slang eller regionala uttryck. Behåll exakt samma betydelse, negationer och sakuppgifter.",Det är ett jäkla klydd att få ett tydligt besked.,Det är svårt att få ett tydligt besked.,,
train,work,rewrite_slang,work-03,synthetic_needs_review,"Skriv om meningen på naturlig svensk vardagsslang. Behåll exakt samma betydelse, negationer, namn och sakuppgifter. Lägg inte till någon ny information.",Jag hinner inte färdigställa rapporten i dag.,Jag hinner inte bli klar med rapporten i dag.,,
train,work,rewrite_malmo_mild,work-03,synthetic_needs_review,"Skriv om meningen på modern, mild malmöitisk vardagssvenska. Tonen ska vara avslappnad och naturlig, inte stereotyp eller fonetiskt skriven. Behåll exakt samma betydelse och lägg inte till information.",Jag hinner inte färdigställa rapporten i dag.,Jag hinner inte få klart rapporten i dag.,,
train,work,rewrite_malmo_medium,work-03,synthetic_needs_review,"Skriv om meningen på modern malmöitisk vardagssvenska med tydlig men naturlig vardagston. Undvik karikatyr och överanvänd inte regionala markörer. Behåll exakt samma betydelse, negationer och sakuppgifter.",Jag hinner inte färdigställa rapporten i dag.,Jag kommer inte hinna få klart rapporten i dag.,,
train,work,neutralize,work-03,synthetic_needs_review,"Skriv om meningen på neutral standardsvenska utan slang eller regionala uttryck. Behåll exakt samma betydelse, negationer och sakuppgifter.",Jag kommer inte hinna få klart rapporten i dag.,Jag hinner inte färdigställa rapporten i dag.,,
train,work,rewrite_slang,work-04,synthetic_needs_review,"Skriv om meningen på naturlig svensk vardagsslang. Behåll exakt samma betydelse, negationer, namn och sakuppgifter. Lägg inte till någon ny information.",De ändrade planen utan att informera oss.,De ändrade planen utan att säga något till oss.,,
train,work,rewrite_malmo_mild,work-04,synthetic_needs_review,"Skriv om meningen på modern, mild malmöitisk vardagssvenska. Tonen ska vara avslappnad och naturlig, inte stereotyp eller fonetiskt skriven. Behåll exakt samma betydelse och lägg inte till information.",De ändrade planen utan att informera oss.,De ändrade planen utan att säga till oss.,,
train,work,rewrite_malmo_medium,work-04,synthetic_needs_review,"Skriv om meningen på modern malmöitisk vardagssvenska med tydlig men naturlig vardagston. Undvik karikatyr och överanvänd inte regionala markörer. Behåll exakt samma betydelse, negationer och sakuppgifter.",De ändrade planen utan att informera oss.,De bara ändrade planen utan att säga ett ord till oss.,,
train,work,neutralize,work-04,synthetic_needs_review,"Skriv om meningen på neutral standardsvenska utan slang eller regionala uttryck. Behåll exakt samma betydelse, negationer och sakuppgifter.",De bara ändrade planen utan att säga ett ord till oss.,De ändrade planen utan att informera oss.,,
train,work,rewrite_slang,work-05,synthetic_needs_review,"Skriv om meningen på naturlig svensk vardagsslang. Behåll exakt samma betydelse, negationer, namn och sakuppgifter. Lägg inte till någon ny information.",Systemet fungerar inte efter uppdateringen.,Systemet funkar inte efter uppdateringen.,,
train,work,rewrite_malmo_mild,work-05,synthetic_needs_review,"Skriv om meningen på modern, mild malmöitisk vardagssvenska. Tonen ska vara avslappnad och naturlig, inte stereotyp eller fonetiskt skriven. Behåll exakt samma betydelse och lägg inte till information.",Systemet fungerar inte efter uppdateringen.,Systemet funkar inte sen uppdateringen.,,
train,work,rewrite_malmo_medium,work-05,synthetic_needs_review,"Skriv om meningen på modern malmöitisk vardagssvenska med tydlig men naturlig vardagston. Undvik karikatyr och överanvänd inte regionala markörer. Behåll exakt samma betydelse, negationer och sakuppgifter.",Systemet fungerar inte efter uppdateringen.,Systemet funkar inte alls efter uppdateringen.,,
train,work,neutralize,work-05,synthetic_needs_review,"Skriv om meningen på neutral standardsvenska utan slang eller regionala uttryck. Behåll exakt samma betydelse, negationer och sakuppgifter.",Systemet funkar inte alls efter uppdateringen.,Systemet fungerar inte efter uppdateringen.,,
train,work,rewrite_slang,work-06,synthetic_needs_review,"Skriv om meningen på naturlig svensk vardagsslang. Behåll exakt samma betydelse, negationer, namn och sakuppgifter. Lägg inte till någon ny information.",Jag behöver mer tid för att kontrollera resultatet.,Jag behöver mer tid för att kolla resultatet.,,
train,work,rewrite_malmo_mild,work-06,synthetic_needs_review,"Skriv om meningen på modern, mild malmöitisk vardagssvenska. Tonen ska vara avslappnad och naturlig, inte stereotyp eller fonetiskt skriven. Behåll exakt samma betydelse och lägg inte till information.",Jag behöver mer tid för att kontrollera resultatet.,Jag behöver lite mer tid för att kolla resultatet.,,
train,work,rewrite_malmo_medium,work-06,synthetic_needs_review,"Skriv om meningen på modern malmöitisk vardagssvenska med tydlig men naturlig vardagston. Undvik karikatyr och överanvänd inte regionala markörer. Behåll exakt samma betydelse, negationer och sakuppgifter.",Jag behöver mer tid för att kontrollera resultatet.,Jag behöver mer tid så jag kan kolla resultatet ordentligt.,,
train,work,neutralize,work-06,synthetic_needs_review,"Skriv om meningen på neutral standardsvenska utan slang eller regionala uttryck. Behåll exakt samma betydelse, negationer och sakuppgifter.",Jag behöver mer tid så jag kan kolla resultatet ordentligt.,Jag behöver mer tid för att kontrollera resultatet.,,
train,work,chat_malmo_mild,work-chat-01,synthetic_needs_review,"Svara kort, hjälpsamt och naturligt på mild modern malmöitisk vardagssvenska. Hitta inte på fakta och använd inte dialektmarkörer i varje mening.",Hur säger jag att jag behöver mer tid?,Säg tydligt att du behöver mer tid för att kontrollera resultatet ordentligt.,,
train,work,chat_malmo_medium,work-chat-01,synthetic_needs_review,Svara kort och konkret på modern malmöitisk vardagssvenska. Tonen får vara urban och avslappnad men inte stereotyp. Hitta inte på fakta.,Hur säger jag att jag behöver mer tid?,Säg rakt att du behöver mer tid så du kan kolla resultatet ordentligt.,,
train,work,chat_malmo_mild,work-chat-02,synthetic_needs_review,"Svara kort, hjälpsamt och naturligt på mild modern malmöitisk vardagssvenska. Hitta inte på fakta och använd inte dialektmarkörer i varje mening.",Mötet blev inställt utan förklaring.,Be om ett nytt besked och fråga varför mötet ställdes in.,,
train,work,chat_malmo_medium,work-chat-02,synthetic_needs_review,Svara kort och konkret på modern malmöitisk vardagssvenska. Tonen får vara urban och avslappnad men inte stereotyp. Hitta inte på fakta.,Mötet blev inställt utan förklaring.,Fråga vad som hände och när ni får ett nytt besked.,,
train,shopping,rewrite_slang,shopping-01,synthetic_needs_review,"Skriv om meningen på naturlig svensk vardagsslang. Behåll exakt samma betydelse, negationer, namn och sakuppgifter. Lägg inte till någon ny information.",Det blev mycket dyrare än jag hade räknat med.,Det blev svindyrt jämfört med vad jag hade räknat med.,,
train,shopping,rewrite_malmo_mild,shopping-01,synthetic_needs_review,"Skriv om meningen på modern, mild malmöitisk vardagssvenska. Tonen ska vara avslappnad och naturlig, inte stereotyp eller fonetiskt skriven. Behåll exakt samma betydelse och lägg inte till information.",Det blev mycket dyrare än jag hade räknat med.,Det blev mycket dyrare än jag trodde.,,
train,shopping,rewrite_malmo_medium,shopping-01,synthetic_needs_review,"Skriv om meningen på modern malmöitisk vardagssvenska med tydlig men naturlig vardagston. Undvik karikatyr och överanvänd inte regionala markörer. Behåll exakt samma betydelse, negationer och sakuppgifter.",Det blev mycket dyrare än jag hade räknat med.,Det blev svindyrt jämfört med vad jag hade tänkt.,,
train,shopping,neutralize,shopping-01,synthetic_needs_review,"Skriv om meningen på neutral standardsvenska utan slang eller regionala uttryck. Behåll exakt samma betydelse, negationer och sakuppgifter.",Det blev svindyrt jämfört med vad jag hade tänkt.,Det blev mycket dyrare än jag hade räknat med.,,
train,shopping,rewrite_slang,shopping-02,synthetic_needs_review,"Skriv om meningen på naturlig svensk vardagsslang. Behåll exakt samma betydelse, negationer, namn och sakuppgifter. Lägg inte till någon ny information.",Jag tänker inte köpa den utan garanti.,"Jag tänker inte köpa den utan garanti, glöm det.",,
train,shopping,rewrite_malmo_mild,shopping-02,synthetic_needs_review,"Skriv om meningen på modern, mild malmöitisk vardagssvenska. Tonen ska vara avslappnad och naturlig, inte stereotyp eller fonetiskt skriven. Behåll exakt samma betydelse och lägg inte till information.",Jag tänker inte köpa den utan garanti.,Jag köper den inte utan garanti.,,
train,shopping,rewrite_malmo_medium,shopping-02,synthetic_needs_review,"Skriv om meningen på modern malmöitisk vardagssvenska med tydlig men naturlig vardagston. Undvik karikatyr och överanvänd inte regionala markörer. Behåll exakt samma betydelse, negationer och sakuppgifter.",Jag tänker inte köpa den utan garanti.,"Nä, jag köper inte den där utan garanti.",,
train,shopping,neutralize,shopping-02,synthetic_needs_review,"Skriv om meningen på neutral standardsvenska utan slang eller regionala uttryck. Behåll exakt samma betydelse, negationer och sakuppgifter.","Nä, jag köper inte den där utan garanti.",Jag tänker inte köpa den utan garanti.,,
train,shopping,rewrite_slang,shopping-03,synthetic_needs_review,"Skriv om meningen på naturlig svensk vardagsslang. Behåll exakt samma betydelse, negationer, namn och sakuppgifter. Lägg inte till någon ny information.",Priset stämmer inte med annonsen.,Priset matchar inte annonsen.,,
train,shopping,rewrite_malmo_mild,shopping-03,synthetic_needs_review,"Skriv om meningen på modern, mild malmöitisk vardagssvenska. Tonen ska vara avslappnad och naturlig, inte stereotyp eller fonetiskt skriven. Behåll exakt samma betydelse och lägg inte till information.",Priset stämmer inte med annonsen.,Priset stämmer ju inte med annonsen.,,
train,shopping,rewrite_malmo_medium,shopping-03,synthetic_needs_review,"Skriv om meningen på modern malmöitisk vardagssvenska med tydlig men naturlig vardagston. Undvik karikatyr och överanvänd inte regionala markörer. Behåll exakt samma betydelse, negationer och sakuppgifter.",Priset stämmer inte med annonsen.,Priset är inte ens samma som i annonsen.,,
train,shopping,neutralize,shopping-03,synthetic_needs_review,"Skriv om meningen på neutral standardsvenska utan slang eller regionala uttryck. Behåll exakt samma betydelse, negationer och sakuppgifter.",Priset är inte ens samma som i annonsen.,Priset stämmer inte med annonsen.,,
train,shopping,rewrite_slang,shopping-04,synthetic_needs_review,"Skriv om meningen på naturlig svensk vardagsslang. Behåll exakt samma betydelse, negationer, namn och sakuppgifter. Lägg inte till någon ny information.",Varan såg bättre ut på bilden.,Grejen såg bättre ut på bilden.,,
train,shopping,rewrite_malmo_mild,shopping-04,synthetic_needs_review,"Skriv om meningen på modern, mild malmöitisk vardagssvenska. Tonen ska vara avslappnad och naturlig, inte stereotyp eller fonetiskt skriven. Behåll exakt samma betydelse och lägg inte till information.",Varan såg bättre ut på bilden.,Den såg bättre ut på bilden.,,
train,shopping,rewrite_malmo_medium,shopping-04,synthetic_needs_review,"Skriv om meningen på modern malmöitisk vardagssvenska med tydlig men naturlig vardagston. Undvik karikatyr och överanvänd inte regionala markörer. Behåll exakt samma betydelse, negationer och sakuppgifter.",Varan såg bättre ut på bilden.,Den där såg klart bättre ut på bilden.,,
train,shopping,neutralize,shopping-04,synthetic_needs_review,"Skriv om meningen på neutral standardsvenska utan slang eller regionala uttryck. Behåll exakt samma betydelse, negationer och sakuppgifter.",Den där såg klart bättre ut på bilden.,Varan såg bättre ut på bilden.,,
train,shopping,rewrite_slang,shopping-05,synthetic_needs_review,"Skriv om meningen på naturlig svensk vardagsslang. Behåll exakt samma betydelse, negationer, namn och sakuppgifter. Lägg inte till någon ny information.",Jag vill kontrollera skicket innan jag betalar.,Jag vill kolla skicket innan jag betalar.,,
train,shopping,rewrite_malmo_mild,shopping-05,synthetic_needs_review,"Skriv om meningen på modern, mild malmöitisk vardagssvenska. Tonen ska vara avslappnad och naturlig, inte stereotyp eller fonetiskt skriven. Behåll exakt samma betydelse och lägg inte till information.",Jag vill kontrollera skicket innan jag betalar.,Jag vill kolla hur den ser ut innan jag betalar.,,
train,shopping,rewrite_malmo_medium,shopping-05,synthetic_needs_review,"Skriv om meningen på modern malmöitisk vardagssvenska med tydlig men naturlig vardagston. Undvik karikatyr och överanvänd inte regionala markörer. Behåll exakt samma betydelse, negationer och sakuppgifter.",Jag vill kontrollera skicket innan jag betalar.,"Jag vill se skicket först, sen kan jag betala.",,
train,shopping,neutralize,shopping-05,synthetic_needs_review,"Skriv om meningen på neutral standardsvenska utan slang eller regionala uttryck. Behåll exakt samma betydelse, negationer och sakuppgifter.","Jag vill se skicket först, sen kan jag betala.",Jag vill kontrollera skicket innan jag betalar.,,
train,shopping,rewrite_slang,shopping-06,synthetic_needs_review,"Skriv om meningen på naturlig svensk vardagsslang. Behåll exakt samma betydelse, negationer, namn och sakuppgifter. Lägg inte till någon ny information.",Frakten kostar nästan lika mycket som varan.,Frakten kostar nästan lika mycket som själva grejen.,,
train,shopping,rewrite_malmo_mild,shopping-06,synthetic_needs_review,"Skriv om meningen på modern, mild malmöitisk vardagssvenska. Tonen ska vara avslappnad och naturlig, inte stereotyp eller fonetiskt skriven. Behåll exakt samma betydelse och lägg inte till information.",Frakten kostar nästan lika mycket som varan.,Frakten kostar nästan lika mycket som varan.,,
train,shopping,rewrite_malmo_medium,shopping-06,synthetic_needs_review,"Skriv om meningen på modern malmöitisk vardagssvenska med tydlig men naturlig vardagston. Undvik karikatyr och överanvänd inte regionala markörer. Behåll exakt samma betydelse, negationer och sakuppgifter.",Frakten kostar nästan lika mycket som varan.,Frakten kostar ju nästan lika mycket som hela grejen.,,
train,shopping,neutralize,shopping-06,synthetic_needs_review,"Skriv om meningen på neutral standardsvenska utan slang eller regionala uttryck. Behåll exakt samma betydelse, negationer och sakuppgifter.",Frakten kostar ju nästan lika mycket som hela grejen.,Frakten kostar nästan lika mycket som varan.,,
train,shopping,chat_malmo_mild,shopping-chat-01,synthetic_needs_review,"Svara kort, hjälpsamt och naturligt på mild modern malmöitisk vardagssvenska. Hitta inte på fakta och använd inte dialektmarkörer i varje mening.",Säljaren vill inte visa kvittot.,Då bör du vara försiktig och inte betala innan du har fått tillräckliga uppgifter.,,
train,shopping,chat_malmo_medium,shopping-chat-01,synthetic_needs_review,Svara kort och konkret på modern malmöitisk vardagssvenska. Tonen får vara urban och avslappnad men inte stereotyp. Hitta inte på fakta.,Säljaren vill inte visa kvittot.,Då hade jag varit försiktig. Betala inte innan du fått vettiga uppgifter.,,
train,shopping,chat_malmo_mild,shopping-chat-02,synthetic_needs_review,"Svara kort, hjälpsamt och naturligt på mild modern malmöitisk vardagssvenska. Hitta inte på fakta och använd inte dialektmarkörer i varje mening.",Är den värd priset?,"Det går inte att avgöra utan modell, skick och prisjämförelse.",,
train,shopping,chat_malmo_medium,shopping-chat-02,synthetic_needs_review,Svara kort och konkret på modern malmöitisk vardagssvenska. Tonen får vara urban och avslappnad men inte stereotyp. Hitta inte på fakta.,Är den värd priset?,"Svårt att säga utan modell, skick och vad andra tar för den.",,
train,food,rewrite_slang,food-01,synthetic_needs_review,"Skriv om meningen på naturlig svensk vardagsslang. Behåll exakt samma betydelse, negationer, namn och sakuppgifter. Lägg inte till någon ny information.",Maten är fortfarande inte klar.,Maten är fortfarande inte färdig.,,
train,food,rewrite_malmo_mild,food-01,synthetic_needs_review,"Skriv om meningen på modern, mild malmöitisk vardagssvenska. Tonen ska vara avslappnad och naturlig, inte stereotyp eller fonetiskt skriven. Behåll exakt samma betydelse och lägg inte till information.",Maten är fortfarande inte klar.,Maten är fortfarande inte klar.,,
train,food,rewrite_malmo_medium,food-01,synthetic_needs_review,"Skriv om meningen på modern malmöitisk vardagssvenska med tydlig men naturlig vardagston. Undvik karikatyr och överanvänd inte regionala markörer. Behåll exakt samma betydelse, negationer och sakuppgifter.",Maten är fortfarande inte klar.,"Maten är fortfarande inte klar, alltså.",,
train,food,neutralize,food-01,synthetic_needs_review,"Skriv om meningen på neutral standardsvenska utan slang eller regionala uttryck. Behåll exakt samma betydelse, negationer och sakuppgifter.","Maten är fortfarande inte klar, alltså.",Maten är fortfarande inte klar.,,
train,food,rewrite_slang,food-02,synthetic_needs_review,"Skriv om meningen på naturlig svensk vardagsslang. Behåll exakt samma betydelse, negationer, namn och sakuppgifter. Lägg inte till någon ny information.",Jag är mycket hungrig efter träningen.,Jag är skithungrig efter träningen.,,
train,food,rewrite_malmo_mild,food-02,synthetic_needs_review,"Skriv om meningen på modern, mild malmöitisk vardagssvenska. Tonen ska vara avslappnad och naturlig, inte stereotyp eller fonetiskt skriven. Behåll exakt samma betydelse och lägg inte till information.",Jag är mycket hungrig efter träningen.,Jag är riktigt hungrig efter träningen.,,
train,food,rewrite_malmo_medium,food-02,synthetic_needs_review,"Skriv om meningen på modern malmöitisk vardagssvenska med tydlig men naturlig vardagston. Undvik karikatyr och överanvänd inte regionala markörer. Behåll exakt samma betydelse, negationer och sakuppgifter.",Jag är mycket hungrig efter träningen.,Jag är vrålhungrig efter träningen.,,
train,food,neutralize,food-02,synthetic_needs_review,"Skriv om meningen på neutral standardsvenska utan slang eller regionala uttryck. Behåll exakt samma betydelse, negationer och sakuppgifter.",Jag är vrålhungrig efter träningen.,Jag är mycket hungrig efter träningen.,,
train,food,rewrite_slang,food-03,synthetic_needs_review,"Skriv om meningen på naturlig svensk vardagsslang. Behåll exakt samma betydelse, negationer, namn och sakuppgifter. Lägg inte till någon ny information.",Det här kaffet smakar mycket svagt.,Det här kaffet smakar typ ingenting.,,
train,food,rewrite_malmo_mild,food-03,synthetic_needs_review,"Skriv om meningen på modern, mild malmöitisk vardagssvenska. Tonen ska vara avslappnad och naturlig, inte stereotyp eller fonetiskt skriven. Behåll exakt samma betydelse och lägg inte till information.",Det här kaffet smakar mycket svagt.,Det här kaffet är riktigt svagt.,,
train,food,rewrite_malmo_medium,food-03,synthetic_needs_review,"Skriv om meningen på modern malmöitisk vardagssvenska med tydlig men naturlig vardagston. Undvik karikatyr och överanvänd inte regionala markörer. Behåll exakt samma betydelse, negationer och sakuppgifter.",Det här kaffet smakar mycket svagt.,Det här kaffet smakar ju nästan ingenting.,,
train,food,neutralize,food-03,synthetic_needs_review,"Skriv om meningen på neutral standardsvenska utan slang eller regionala uttryck. Behåll exakt samma betydelse, negationer och sakuppgifter.",Det här kaffet smakar ju nästan ingenting.,Det här kaffet smakar mycket svagt.,,
train,food,rewrite_slang,food-04,synthetic_needs_review,"Skriv om meningen på naturlig svensk vardagsslang. Behåll exakt samma betydelse, negationer, namn och sakuppgifter. Lägg inte till någon ny information.",Jag vill inte äta något som har stått framme hela dagen.,Jag tänker inte äta något som stått framme hela dagen.,,
train,food,rewrite_malmo_mild,food-04,synthetic_needs_review,"Skriv om meningen på modern, mild malmöitisk vardagssvenska. Tonen ska vara avslappnad och naturlig, inte stereotyp eller fonetiskt skriven. Behåll exakt samma betydelse och lägg inte till information.",Jag vill inte äta något som har stått framme hela dagen.,Jag äter inte något som har stått framme hela dagen.,,
train,food,rewrite_malmo_medium,food-04,synthetic_needs_review,"Skriv om meningen på modern malmöitisk vardagssvenska med tydlig men naturlig vardagston. Undvik karikatyr och överanvänd inte regionala markörer. Behåll exakt samma betydelse, negationer och sakuppgifter.",Jag vill inte äta något som har stått framme hela dagen.,"Nä, jag äter inte det där när det har stått framme hela dagen.",,
train,food,neutralize,food-04,synthetic_needs_review,"Skriv om meningen på neutral standardsvenska utan slang eller regionala uttryck. Behåll exakt samma betydelse, negationer och sakuppgifter.","Nä, jag äter inte det där när det har stått framme hela dagen.",Jag vill inte äta något som har stått framme hela dagen.,,
train,food,rewrite_slang,food-05,synthetic_needs_review,"Skriv om meningen på naturlig svensk vardagsslang. Behåll exakt samma betydelse, negationer, namn och sakuppgifter. Lägg inte till någon ny information.",Vi behöver köpa mjölk innan affären stänger.,Vi måste köpa mjölk innan affären stänger.,,
train,food,rewrite_malmo_mild,food-05,synthetic_needs_review,"Skriv om meningen på modern, mild malmöitisk vardagssvenska. Tonen ska vara avslappnad och naturlig, inte stereotyp eller fonetiskt skriven. Behåll exakt samma betydelse och lägg inte till information.",Vi behöver köpa mjölk innan affären stänger.,Vi får köpa mjölk innan affären stänger.,,
train,food,rewrite_malmo_medium,food-05,synthetic_needs_review,"Skriv om meningen på modern malmöitisk vardagssvenska med tydlig men naturlig vardagston. Undvik karikatyr och överanvänd inte regionala markörer. Behåll exakt samma betydelse, negationer och sakuppgifter.",Vi behöver köpa mjölk innan affären stänger.,Vi får dra och köpa mjölk innan affären stänger.,,
train,food,neutralize,food-05,synthetic_needs_review,"Skriv om meningen på neutral standardsvenska utan slang eller regionala uttryck. Behåll exakt samma betydelse, negationer och sakuppgifter.",Vi får dra och köpa mjölk innan affären stänger.,Vi behöver köpa mjölk innan affären stänger.,,
train,food,rewrite_slang,food-06,synthetic_needs_review,"Skriv om meningen på naturlig svensk vardagsslang. Behåll exakt samma betydelse, negationer, namn och sakuppgifter. Lägg inte till någon ny information.",Det luktar illa från kylskåpet.,Det luktar riktigt illa från kylen.,,
train,food,rewrite_malmo_mild,food-06,synthetic_needs_review,"Skriv om meningen på modern, mild malmöitisk vardagssvenska. Tonen ska vara avslappnad och naturlig, inte stereotyp eller fonetiskt skriven. Behåll exakt samma betydelse och lägg inte till information.",Det luktar illa från kylskåpet.,Det luktar räligt från kylen.,,
train,food,rewrite_malmo_medium,food-06,synthetic_needs_review,"Skriv om meningen på modern malmöitisk vardagssvenska med tydlig men naturlig vardagston. Undvik karikatyr och överanvänd inte regionala markörer. Behåll exakt samma betydelse, negationer och sakuppgifter.",Det luktar illa från kylskåpet.,Det luktar riktigt räligt från kylen.,,
train,food,neutralize,food-06,synthetic_needs_review,"Skriv om meningen på neutral standardsvenska utan slang eller regionala uttryck. Behåll exakt samma betydelse, negationer och sakuppgifter.",Det luktar riktigt räligt från kylen.,Det luktar illa från kylskåpet.,,
train,food,chat_malmo_mild,food-chat-01,synthetic_needs_review,"Svara kort, hjälpsamt och naturligt på mild modern malmöitisk vardagssvenska. Hitta inte på fakta och använd inte dialektmarkörer i varje mening.",Vad kan jag laga snabbt?,"Gör något enkelt med det du redan har hemma, till exempel pasta, ägg eller en smörgås.",,
train,food,chat_malmo_medium,food-chat-01,synthetic_needs_review,Svara kort och konkret på modern malmöitisk vardagssvenska. Tonen får vara urban och avslappnad men inte stereotyp. Hitta inte på fakta.,Vad kan jag laga snabbt?,"Ta något enkelt av det du har hemma, typ pasta, ägg eller en macka.",,
train,food,chat_malmo_mild,food-chat-02,synthetic_needs_review,"Svara kort, hjälpsamt och naturligt på mild modern malmöitisk vardagssvenska. Hitta inte på fakta och använd inte dialektmarkörer i varje mening.",Maten har stått framme hela dagen.,Ät den inte om du är osäker på hur länge den har stått eller om den fortfarande är säker.,,
train,food,chat_malmo_medium,food-chat-02,synthetic_needs_review,Svara kort och konkret på modern malmöitisk vardagssvenska. Tonen får vara urban och avslappnad men inte stereotyp. Hitta inte på fakta.,Maten har stått framme hela dagen.,Ät inte den där om du är osäker på hur länge den har stått.,,
train,technology,rewrite_slang,technology-01,synthetic_needs_review,"Skriv om meningen på naturlig svensk vardagsslang. Behåll exakt samma betydelse, negationer, namn och sakuppgifter. Lägg inte till någon ny information.",Programmet startar inte längre.,Programmet drar inte igång längre.,,
train,technology,rewrite_malmo_mild,technology-01,synthetic_needs_review,"Skriv om meningen på modern, mild malmöitisk vardagssvenska. Tonen ska vara avslappnad och naturlig, inte stereotyp eller fonetiskt skriven. Behåll exakt samma betydelse och lägg inte till information.",Programmet startar inte längre.,Programmet startar inte alls längre.,,
train,technology,rewrite_malmo_medium,technology-01,synthetic_needs_review,"Skriv om meningen på modern malmöitisk vardagssvenska med tydlig men naturlig vardagston. Undvik karikatyr och överanvänd inte regionala markörer. Behåll exakt samma betydelse, negationer och sakuppgifter.",Programmet startar inte längre.,Programmet vägrar dra igång nu.,,
train,technology,neutralize,technology-01,synthetic_needs_review,"Skriv om meningen på neutral standardsvenska utan slang eller regionala uttryck. Behåll exakt samma betydelse, negationer och sakuppgifter.",Programmet vägrar dra igång nu.,Programmet startar inte längre.,,
train,technology,rewrite_slang,technology-02,synthetic_needs_review,"Skriv om meningen på naturlig svensk vardagsslang. Behåll exakt samma betydelse, negationer, namn och sakuppgifter. Lägg inte till någon ny information.",Jag förstår inte var inställningen finns.,Jag fattar inte var inställningen ligger.,,
train,technology,rewrite_malmo_mild,technology-02,synthetic_needs_review,"Skriv om meningen på modern, mild malmöitisk vardagssvenska. Tonen ska vara avslappnad och naturlig, inte stereotyp eller fonetiskt skriven. Behåll exakt samma betydelse och lägg inte till information.",Jag förstår inte var inställningen finns.,Jag fattar inte var den inställningen finns.,,
train,technology,rewrite_malmo_medium,technology-02,synthetic_needs_review,"Skriv om meningen på modern malmöitisk vardagssvenska med tydlig men naturlig vardagston. Undvik karikatyr och överanvänd inte regionala markörer. Behåll exakt samma betydelse, negationer och sakuppgifter.",Jag förstår inte var inställningen finns.,Jag fattar inte var de har gömt den inställningen.,,
train,technology,neutralize,technology-02,synthetic_needs_review,"Skriv om meningen på neutral standardsvenska utan slang eller regionala uttryck. Behåll exakt samma betydelse, negationer och sakuppgifter.",Jag fattar inte var de har gömt den inställningen.,Jag förstår inte var inställningen finns.,,
train,technology,rewrite_slang,technology-03,synthetic_needs_review,"Skriv om meningen på naturlig svensk vardagsslang. Behåll exakt samma betydelse, negationer, namn och sakuppgifter. Lägg inte till någon ny information.",Det är krångligt att koppla ihop alla delarna.,Det är struligt att koppla ihop alla delarna.,,
train,technology,rewrite_malmo_mild,technology-03,synthetic_needs_review,"Skriv om meningen på modern, mild malmöitisk vardagssvenska. Tonen ska vara avslappnad och naturlig, inte stereotyp eller fonetiskt skriven. Behåll exakt samma betydelse och lägg inte till information.",Det är krångligt att koppla ihop alla delarna.,Det är lite klyddigt att koppla ihop alla delarna.,,
train,technology,rewrite_malmo_medium,technology-03,synthetic_needs_review,"Skriv om meningen på modern malmöitisk vardagssvenska med tydlig men naturlig vardagston. Undvik karikatyr och överanvänd inte regionala markörer. Behåll exakt samma betydelse, negationer och sakuppgifter.",Det är krångligt att koppla ihop alla delarna.,Det är ett jäkla klydd att få ihop alla delarna.,,
train,technology,neutralize,technology-03,synthetic_needs_review,"Skriv om meningen på neutral standardsvenska utan slang eller regionala uttryck. Behåll exakt samma betydelse, negationer och sakuppgifter.",Det är ett jäkla klydd att få ihop alla delarna.,Det är krångligt att koppla ihop alla delarna.,,
train,technology,rewrite_slang,technology-04,synthetic_needs_review,"Skriv om meningen på naturlig svensk vardagsslang. Behåll exakt samma betydelse, negationer, namn och sakuppgifter. Lägg inte till någon ny information.",Uppdateringen gjorde datorn långsammare.,Uppdateringen gjorde datorn segare.,,
train,technology,rewrite_malmo_mild,technology-04,synthetic_needs_review,"Skriv om meningen på modern, mild malmöitisk vardagssvenska. Tonen ska vara avslappnad och naturlig, inte stereotyp eller fonetiskt skriven. Behåll exakt samma betydelse och lägg inte till information.",Uppdateringen gjorde datorn långsammare.,Datorn blev segare efter uppdateringen.,,
train,technology,rewrite_malmo_medium,technology-04,synthetic_needs_review,"Skriv om meningen på modern malmöitisk vardagssvenska med tydlig men naturlig vardagston. Undvik karikatyr och överanvänd inte regionala markörer. Behåll exakt samma betydelse, negationer och sakuppgifter.",Uppdateringen gjorde datorn långsammare.,Datorn blev riktigt seg efter uppdateringen.,,
train,technology,neutralize,technology-04,synthetic_needs_review,"Skriv om meningen på neutral standardsvenska utan slang eller regionala uttryck. Behåll exakt samma betydelse, negationer och sakuppgifter.",Datorn blev riktigt seg efter uppdateringen.,Uppdateringen gjorde datorn långsammare.,,
train,technology,rewrite_slang,technology-05,synthetic_needs_review,"Skriv om meningen på naturlig svensk vardagsslang. Behåll exakt samma betydelse, negationer, namn och sakuppgifter. Lägg inte till någon ny information.",Jag vill inte förlora mina sparade filer.,Jag vill inte bli av med mina sparade filer.,,
train,technology,rewrite_malmo_mild,technology-05,synthetic_needs_review,"Skriv om meningen på modern, mild malmöitisk vardagssvenska. Tonen ska vara avslappnad och naturlig, inte stereotyp eller fonetiskt skriven. Behåll exakt samma betydelse och lägg inte till information.",Jag vill inte förlora mina sparade filer.,Jag vill inte riskera att bli av med mina filer.,,
train,technology,rewrite_malmo_medium,technology-05,synthetic_needs_review,"Skriv om meningen på modern malmöitisk vardagssvenska med tydlig men naturlig vardagston. Undvik karikatyr och överanvänd inte regionala markörer. Behåll exakt samma betydelse, negationer och sakuppgifter.",Jag vill inte förlora mina sparade filer.,Jag tänker inte chansa och bli av med mina filer.,,
train,technology,neutralize,technology-05,synthetic_needs_review,"Skriv om meningen på neutral standardsvenska utan slang eller regionala uttryck. Behåll exakt samma betydelse, negationer och sakuppgifter.",Jag tänker inte chansa och bli av med mina filer.,Jag vill inte förlora mina sparade filer.,,
train,technology,rewrite_slang,technology-06,synthetic_needs_review,"Skriv om meningen på naturlig svensk vardagsslang. Behåll exakt samma betydelse, negationer, namn och sakuppgifter. Lägg inte till någon ny information.",Nätverket kopplar från hela tiden.,Nätet kopplar ner hela tiden.,,
train,technology,rewrite_malmo_mild,technology-06,synthetic_needs_review,"Skriv om meningen på modern, mild malmöitisk vardagssvenska. Tonen ska vara avslappnad och naturlig, inte stereotyp eller fonetiskt skriven. Behåll exakt samma betydelse och lägg inte till information.",Nätverket kopplar från hela tiden.,Nätet tappar anslutningen hela tiden.,,
train,technology,rewrite_malmo_medium,technology-06,synthetic_needs_review,"Skriv om meningen på modern malmöitisk vardagssvenska med tydlig men naturlig vardagston. Undvik karikatyr och överanvänd inte regionala markörer. Behåll exakt samma betydelse, negationer och sakuppgifter.",Nätverket kopplar från hela tiden.,Nätet bara dör hela tiden.,,
train,technology,neutralize,technology-06,synthetic_needs_review,"Skriv om meningen på neutral standardsvenska utan slang eller regionala uttryck. Behåll exakt samma betydelse, negationer och sakuppgifter.",Nätet bara dör hela tiden.,Nätverket kopplar från hela tiden.,,
train,technology,chat_malmo_mild,technology-chat-01,synthetic_needs_review,"Svara kort, hjälpsamt och naturligt på mild modern malmöitisk vardagssvenska. Hitta inte på fakta och använd inte dialektmarkörer i varje mening.",Programmet startar inte. Vad börjar jag med?,"Starta om programmet, kontrollera loggen och se om problemet började efter en uppdatering.",,
train,technology,chat_malmo_medium,technology-chat-01,synthetic_needs_review,Svara kort och konkret på modern malmöitisk vardagssvenska. Tonen får vara urban och avslappnad men inte stereotyp. Hitta inte på fakta.,Programmet startar inte. Vad börjar jag med?,"Börja med att starta om, kolla loggen och se om det började efter uppdateringen.",,
train,technology,chat_malmo_mild,technology-chat-02,synthetic_needs_review,"Svara kort, hjälpsamt och naturligt på mild modern malmöitisk vardagssvenska. Hitta inte på fakta och använd inte dialektmarkörer i varje mening.",Kan jag radera cachemappen?,Kontrollera först vad programmet lagrar där och gör en säkerhetskopia om innehållet kan behövas.,,
train,technology,chat_malmo_medium,technology-chat-02,synthetic_needs_review,Svara kort och konkret på modern malmöitisk vardagssvenska. Tonen får vara urban och avslappnad men inte stereotyp. Hitta inte på fakta.,Kan jag radera cachemappen?,Kolla först vad som ligger där. Ta en backup om något kan behövas.,,
train,home,rewrite_slang,home-01,synthetic_needs_review,"Skriv om meningen på naturlig svensk vardagsslang. Behåll exakt samma betydelse, negationer, namn och sakuppgifter. Lägg inte till någon ny information.",Det är mycket stökigt i köket.,Det är skitstökigt i köket.,,
train,home,rewrite_malmo_mild,home-01,synthetic_needs_review,"Skriv om meningen på modern, mild malmöitisk vardagssvenska. Tonen ska vara avslappnad och naturlig, inte stereotyp eller fonetiskt skriven. Behåll exakt samma betydelse och lägg inte till information.",Det är mycket stökigt i köket.,Det är riktigt stökigt i köket.,,
train,home,rewrite_malmo_medium,home-01,synthetic_needs_review,"Skriv om meningen på modern malmöitisk vardagssvenska med tydlig men naturlig vardagston. Undvik karikatyr och överanvänd inte regionala markörer. Behåll exakt samma betydelse, negationer och sakuppgifter.",Det är mycket stökigt i köket.,Det ser ut som fan i köket.,,
train,home,neutralize,home-01,synthetic_needs_review,"Skriv om meningen på neutral standardsvenska utan slang eller regionala uttryck. Behåll exakt samma betydelse, negationer och sakuppgifter.",Det ser ut som fan i köket.,Det är mycket stökigt i köket.,,
train,home,rewrite_slang,home-02,synthetic_needs_review,"Skriv om meningen på naturlig svensk vardagsslang. Behåll exakt samma betydelse, negationer, namn och sakuppgifter. Lägg inte till någon ny information.",Jag orkar inte städa allt i kväll.,Jag pallar inte städa allt i kväll.,,
train,home,rewrite_malmo_mild,home-02,synthetic_needs_review,"Skriv om meningen på modern, mild malmöitisk vardagssvenska. Tonen ska vara avslappnad och naturlig, inte stereotyp eller fonetiskt skriven. Behåll exakt samma betydelse och lägg inte till information.",Jag orkar inte städa allt i kväll.,Jag orkar inte ta hela städningen i kväll.,,
train,home,rewrite_malmo_medium,home-02,synthetic_needs_review,"Skriv om meningen på modern malmöitisk vardagssvenska med tydlig men naturlig vardagston. Undvik karikatyr och överanvänd inte regionala markörer. Behåll exakt samma betydelse, negationer och sakuppgifter.",Jag orkar inte städa allt i kväll.,Jag pallar inte fixa allt det där i kväll.,,
train,home,neutralize,home-02,synthetic_needs_review,"Skriv om meningen på neutral standardsvenska utan slang eller regionala uttryck. Behåll exakt samma betydelse, negationer och sakuppgifter.",Jag pallar inte fixa allt det där i kväll.,Jag orkar inte städa allt i kväll.,,
train,home,rewrite_slang,home-03,synthetic_needs_review,"Skriv om meningen på naturlig svensk vardagsslang. Behåll exakt samma betydelse, negationer, namn och sakuppgifter. Lägg inte till någon ny information.",Släng den gamla kartongen i containern.,Släng den gamla kartongen i containern.,,
train,home,rewrite_malmo_mild,home-03,synthetic_needs_review,"Skriv om meningen på modern, mild malmöitisk vardagssvenska. Tonen ska vara avslappnad och naturlig, inte stereotyp eller fonetiskt skriven. Behåll exakt samma betydelse och lägg inte till information.",Släng den gamla kartongen i containern.,Hutta den gamla kartongen i containern.,,
train,home,rewrite_malmo_medium,home-03,synthetic_needs_review,"Skriv om meningen på modern malmöitisk vardagssvenska med tydlig men naturlig vardagston. Undvik karikatyr och överanvänd inte regionala markörer. Behåll exakt samma betydelse, negationer och sakuppgifter.",Släng den gamla kartongen i containern.,Hutta kartongen i containern när du går.,,
train,home,neutralize,home-03,synthetic_needs_review,"Skriv om meningen på neutral standardsvenska utan slang eller regionala uttryck. Behåll exakt samma betydelse, negationer och sakuppgifter.",Hutta kartongen i containern när du går.,Släng den gamla kartongen i containern.,,
train,home,rewrite_slang,home-04,synthetic_needs_review,"Skriv om meningen på naturlig svensk vardagsslang. Behåll exakt samma betydelse, negationer, namn och sakuppgifter. Lägg inte till någon ny information.",Lampan i hallen fungerar inte.,Lampan i hallen funkar inte.,,
train,home,rewrite_malmo_mild,home-04,synthetic_needs_review,"Skriv om meningen på modern, mild malmöitisk vardagssvenska. Tonen ska vara avslappnad och naturlig, inte stereotyp eller fonetiskt skriven. Behåll exakt samma betydelse och lägg inte till information.",Lampan i hallen fungerar inte.,Lampan i hallen funkar inte alls.,,
train,home,rewrite_malmo_medium,home-04,synthetic_needs_review,"Skriv om meningen på modern malmöitisk vardagssvenska med tydlig men naturlig vardagston. Undvik karikatyr och överanvänd inte regionala markörer. Behåll exakt samma betydelse, negationer och sakuppgifter.",Lampan i hallen fungerar inte.,Lampan i hallen har lagt av.,,
train,home,neutralize,home-04,synthetic_needs_review,"Skriv om meningen på neutral standardsvenska utan slang eller regionala uttryck. Behåll exakt samma betydelse, negationer och sakuppgifter.",Lampan i hallen har lagt av.,Lampan i hallen fungerar inte.,,
train,home,rewrite_slang,home-05,synthetic_needs_review,"Skriv om meningen på naturlig svensk vardagsslang. Behåll exakt samma betydelse, negationer, namn och sakuppgifter. Lägg inte till någon ny information.",Jag hittar inte nycklarna någonstans.,Jag hittar fan inte nycklarna någonstans.,,
train,home,rewrite_malmo_mild,home-05,synthetic_needs_review,"Skriv om meningen på modern, mild malmöitisk vardagssvenska. Tonen ska vara avslappnad och naturlig, inte stereotyp eller fonetiskt skriven. Behåll exakt samma betydelse och lägg inte till information.",Jag hittar inte nycklarna någonstans.,Jag hittar inte nycklarna alls.,,
train,home,rewrite_malmo_medium,home-05,synthetic_needs_review,"Skriv om meningen på modern malmöitisk vardagssvenska med tydlig men naturlig vardagston. Undvik karikatyr och överanvänd inte regionala markörer. Behåll exakt samma betydelse, negationer och sakuppgifter.",Jag hittar inte nycklarna någonstans.,Jag fattar inte var jag har lagt nycklarna.,,
train,home,neutralize,home-05,synthetic_needs_review,"Skriv om meningen på neutral standardsvenska utan slang eller regionala uttryck. Behåll exakt samma betydelse, negationer och sakuppgifter.",Jag fattar inte var jag har lagt nycklarna.,Jag hittar inte nycklarna någonstans.,,
train,home,rewrite_slang,home-06,synthetic_needs_review,"Skriv om meningen på naturlig svensk vardagsslang. Behåll exakt samma betydelse, negationer, namn och sakuppgifter. Lägg inte till någon ny information.",Tvättmaskinen låter konstigt.,Tvättmaskinen låter skumt.,,
train,home,rewrite_malmo_mild,home-06,synthetic_needs_review,"Skriv om meningen på modern, mild malmöitisk vardagssvenska. Tonen ska vara avslappnad och naturlig, inte stereotyp eller fonetiskt skriven. Behåll exakt samma betydelse och lägg inte till information.",Tvättmaskinen låter konstigt.,Tvättmaskinen låter riktigt konstigt.,,
train,home,rewrite_malmo_medium,home-06,synthetic_needs_review,"Skriv om meningen på modern malmöitisk vardagssvenska med tydlig men naturlig vardagston. Undvik karikatyr och överanvänd inte regionala markörer. Behåll exakt samma betydelse, negationer och sakuppgifter.",Tvättmaskinen låter konstigt.,Tvättmaskinen låter helt skum nu.,,
train,home,neutralize,home-06,synthetic_needs_review,"Skriv om meningen på neutral standardsvenska utan slang eller regionala uttryck. Behåll exakt samma betydelse, negationer och sakuppgifter.",Tvättmaskinen låter helt skum nu.,Tvättmaskinen låter konstigt.,,
train,home,chat_malmo_mild,home-chat-01,synthetic_needs_review,"Svara kort, hjälpsamt och naturligt på mild modern malmöitisk vardagssvenska. Hitta inte på fakta och använd inte dialektmarkörer i varje mening.",Jag hittar inte nycklarna.,"Kontrollera fickor, väskor, hallen och platsen där du senast använde dem.",,
train,home,chat_malmo_medium,home-chat-01,synthetic_needs_review,Svara kort och konkret på modern malmöitisk vardagssvenska. Tonen får vara urban och avslappnad men inte stereotyp. Hitta inte på fakta.,Jag hittar inte nycklarna.,"Kolla fickor, väskor, hallen och där du hade dem senast.",,
train,home,chat_malmo_mild,home-chat-02,synthetic_needs_review,"Svara kort, hjälpsamt och naturligt på mild modern malmöitisk vardagssvenska. Hitta inte på fakta och använd inte dialektmarkörer i varje mening.",Tvättmaskinen låter konstigt.,Stoppa den om ljudet är kraftigt och kontrollera att den står jämnt och inte är överlastad.,,
train,home,chat_malmo_medium,home-chat-02,synthetic_needs_review,Svara kort och konkret på modern malmöitisk vardagssvenska. Tonen får vara urban och avslappnad men inte stereotyp. Hitta inte på fakta.,Tvättmaskinen låter konstigt.,Stäng av den om det låter illa och kolla att den står jämnt och inte är överfull.,,
train,friends,rewrite_slang,friends-01,synthetic_needs_review,"Skriv om meningen på naturlig svensk vardagsslang. Behåll exakt samma betydelse, negationer, namn och sakuppgifter. Lägg inte till någon ny information.",Han svarar aldrig när man ringer.,Han svarar aldrig när man ringer honom.,,
train,friends,rewrite_malmo_mild,friends-01,synthetic_needs_review,"Skriv om meningen på modern, mild malmöitisk vardagssvenska. Tonen ska vara avslappnad och naturlig, inte stereotyp eller fonetiskt skriven. Behåll exakt samma betydelse och lägg inte till information.",Han svarar aldrig när man ringer.,Han svarar ju aldrig när man ringer.,,
train,friends,rewrite_malmo_medium,friends-01,synthetic_needs_review,"Skriv om meningen på modern malmöitisk vardagssvenska med tydlig men naturlig vardagston. Undvik karikatyr och överanvänd inte regionala markörer. Behåll exakt samma betydelse, negationer och sakuppgifter.",Han svarar aldrig när man ringer.,"Han svarar aldrig när man ringer, den pågen.",,
train,friends,neutralize,friends-01,synthetic_needs_review,"Skriv om meningen på neutral standardsvenska utan slang eller regionala uttryck. Behåll exakt samma betydelse, negationer och sakuppgifter.","Han svarar aldrig när man ringer, den pågen.",Han svarar aldrig när man ringer.,,
train,friends,rewrite_slang,friends-02,synthetic_needs_review,"Skriv om meningen på naturlig svensk vardagsslang. Behåll exakt samma betydelse, negationer, namn och sakuppgifter. Lägg inte till någon ny information.",Jag tror inte på den förklaringen.,Jag köper inte den förklaringen.,,
train,friends,rewrite_malmo_mild,friends-02,synthetic_needs_review,"Skriv om meningen på modern, mild malmöitisk vardagssvenska. Tonen ska vara avslappnad och naturlig, inte stereotyp eller fonetiskt skriven. Behåll exakt samma betydelse och lägg inte till information.",Jag tror inte på den förklaringen.,Den förklaringen köper jag inte.,,
train,friends,rewrite_malmo_medium,friends-02,synthetic_needs_review,"Skriv om meningen på modern malmöitisk vardagssvenska med tydlig men naturlig vardagston. Undvik karikatyr och överanvänd inte regionala markörer. Behåll exakt samma betydelse, negationer och sakuppgifter.",Jag tror inte på den förklaringen.,"Nä, den där förklaringen köper jag inte.",,
train,friends,neutralize,friends-02,synthetic_needs_review,"Skriv om meningen på neutral standardsvenska utan slang eller regionala uttryck. Behåll exakt samma betydelse, negationer och sakuppgifter.","Nä, den där förklaringen köper jag inte.",Jag tror inte på den förklaringen.,,
train,friends,rewrite_slang,friends-03,synthetic_needs_review,"Skriv om meningen på naturlig svensk vardagsslang. Behåll exakt samma betydelse, negationer, namn och sakuppgifter. Lägg inte till någon ny information.",Hon är mycket otålig inför resan.,Hon är helt rastlös inför resan.,,
train,friends,rewrite_malmo_mild,friends-03,synthetic_needs_review,"Skriv om meningen på modern, mild malmöitisk vardagssvenska. Tonen ska vara avslappnad och naturlig, inte stereotyp eller fonetiskt skriven. Behåll exakt samma betydelse och lägg inte till information.",Hon är mycket otålig inför resan.,Hon är helt hialös inför resan.,,
train,friends,rewrite_malmo_medium,friends-03,synthetic_needs_review,"Skriv om meningen på modern malmöitisk vardagssvenska med tydlig men naturlig vardagston. Undvik karikatyr och överanvänd inte regionala markörer. Behåll exakt samma betydelse, negationer och sakuppgifter.",Hon är mycket otålig inför resan.,Hon är så hialös inför resan att hon knappt kan sitta still.,,
train,friends,neutralize,friends-03,synthetic_needs_review,"Skriv om meningen på neutral standardsvenska utan slang eller regionala uttryck. Behåll exakt samma betydelse, negationer och sakuppgifter.",Hon är så hialös inför resan att hon knappt kan sitta still.,Hon är mycket otålig inför resan.,,
train,friends,rewrite_slang,friends-04,synthetic_needs_review,"Skriv om meningen på naturlig svensk vardagsslang. Behåll exakt samma betydelse, negationer, namn och sakuppgifter. Lägg inte till någon ny information.",Vi bestämde att träffas efter arbetet.,Vi bestämde att ses efter jobbet.,,
train,friends,rewrite_malmo_mild,friends-04,synthetic_needs_review,"Skriv om meningen på modern, mild malmöitisk vardagssvenska. Tonen ska vara avslappnad och naturlig, inte stereotyp eller fonetiskt skriven. Behåll exakt samma betydelse och lägg inte till information.",Vi bestämde att träffas efter arbetet.,Vi sa att vi skulle ses efter jobbet.,,
train,friends,rewrite_malmo_medium,friends-04,synthetic_needs_review,"Skriv om meningen på modern malmöitisk vardagssvenska med tydlig men naturlig vardagston. Undvik karikatyr och överanvänd inte regionala markörer. Behåll exakt samma betydelse, negationer och sakuppgifter.",Vi bestämde att träffas efter arbetet.,Vi sa att vi ses efter jobbet.,,
train,friends,neutralize,friends-04,synthetic_needs_review,"Skriv om meningen på neutral standardsvenska utan slang eller regionala uttryck. Behåll exakt samma betydelse, negationer och sakuppgifter.",Vi sa att vi ses efter jobbet.,Vi bestämde att träffas efter arbetet.,,
train,friends,rewrite_slang,friends-05,synthetic_needs_review,"Skriv om meningen på naturlig svensk vardagsslang. Behåll exakt samma betydelse, negationer, namn och sakuppgifter. Lägg inte till någon ny information.",Jag vill inte diskutera det här inför alla.,Jag tänker inte ta det här framför alla.,,
train,friends,rewrite_malmo_mild,friends-05,synthetic_needs_review,"Skriv om meningen på modern, mild malmöitisk vardagssvenska. Tonen ska vara avslappnad och naturlig, inte stereotyp eller fonetiskt skriven. Behåll exakt samma betydelse och lägg inte till information.",Jag vill inte diskutera det här inför alla.,Jag vill inte ta det här när alla hör.,,
train,friends,rewrite_malmo_medium,friends-05,synthetic_needs_review,"Skriv om meningen på modern malmöitisk vardagssvenska med tydlig men naturlig vardagston. Undvik karikatyr och överanvänd inte regionala markörer. Behåll exakt samma betydelse, negationer och sakuppgifter.",Jag vill inte diskutera det här inför alla.,"Nä, vi tar inte det här framför hela gänget.",,
train,friends,neutralize,friends-05,synthetic_needs_review,"Skriv om meningen på neutral standardsvenska utan slang eller regionala uttryck. Behåll exakt samma betydelse, negationer och sakuppgifter.","Nä, vi tar inte det här framför hela gänget.",Jag vill inte diskutera det här inför alla.,,
train,friends,rewrite_slang,friends-06,synthetic_needs_review,"Skriv om meningen på naturlig svensk vardagsslang. Behåll exakt samma betydelse, negationer, namn och sakuppgifter. Lägg inte till någon ny information.",De kom mycket senare än avtalat.,De kom skitsent.,,
train,friends,rewrite_malmo_mild,friends-06,synthetic_needs_review,"Skriv om meningen på modern, mild malmöitisk vardagssvenska. Tonen ska vara avslappnad och naturlig, inte stereotyp eller fonetiskt skriven. Behåll exakt samma betydelse och lägg inte till information.",De kom mycket senare än avtalat.,De kom mycket senare än vi hade sagt.,,
train,friends,rewrite_malmo_medium,friends-06,synthetic_needs_review,"Skriv om meningen på modern malmöitisk vardagssvenska med tydlig men naturlig vardagston. Undvik karikatyr och överanvänd inte regionala markörer. Behåll exakt samma betydelse, negationer och sakuppgifter.",De kom mycket senare än avtalat.,De dök upp hur sent som helst.,,
train,friends,neutralize,friends-06,synthetic_needs_review,"Skriv om meningen på neutral standardsvenska utan slang eller regionala uttryck. Behåll exakt samma betydelse, negationer och sakuppgifter.",De dök upp hur sent som helst.,De kom mycket senare än avtalat.,,
train,friends,chat_malmo_mild,friends-chat-01,synthetic_needs_review,"Svara kort, hjälpsamt och naturligt på mild modern malmöitisk vardagssvenska. Hitta inte på fakta och använd inte dialektmarkörer i varje mening.",Han svarar aldrig när jag ringer.,Skicka ett kort meddelande och fråga när det passar att prata.,,
train,friends,chat_malmo_medium,friends-chat-01,synthetic_needs_review,Svara kort och konkret på modern malmöitisk vardagssvenska. Tonen får vara urban och avslappnad men inte stereotyp. Hitta inte på fakta.,Han svarar aldrig när jag ringer.,Skicka ett kort meddelande och fråga när han kan snacka.,,
train,friends,chat_malmo_mild,friends-chat-02,synthetic_needs_review,"Svara kort, hjälpsamt och naturligt på mild modern malmöitisk vardagssvenska. Hitta inte på fakta och använd inte dialektmarkörer i varje mening.",Jag tror inte på hans förklaring.,Be honom förklara vad som hände utan att börja med en anklagelse.,,
train,friends,chat_malmo_medium,friends-chat-02,synthetic_needs_review,Svara kort och konkret på modern malmöitisk vardagssvenska. Tonen får vara urban och avslappnad men inte stereotyp. Hitta inte på fakta.,Jag tror inte på hans förklaring.,"Be honom säga vad som hände, men börja inte med att gå på honom.",,
train,weather,rewrite_slang,weather-01,synthetic_needs_review,"Skriv om meningen på naturlig svensk vardagsslang. Behåll exakt samma betydelse, negationer, namn och sakuppgifter. Lägg inte till någon ny information.",Det började regna precis när vi gick ut.,Det började ösregna precis när vi gick ut.,,
train,weather,rewrite_malmo_mild,weather-01,synthetic_needs_review,"Skriv om meningen på modern, mild malmöitisk vardagssvenska. Tonen ska vara avslappnad och naturlig, inte stereotyp eller fonetiskt skriven. Behåll exakt samma betydelse och lägg inte till information.",Det började regna precis när vi gick ut.,Det började regna precis när vi kom ut.,,
train,weather,rewrite_malmo_medium,weather-01,synthetic_needs_review,"Skriv om meningen på modern malmöitisk vardagssvenska med tydlig men naturlig vardagston. Undvik karikatyr och överanvänd inte regionala markörer. Behåll exakt samma betydelse, negationer och sakuppgifter.",Det började regna precis när vi gick ut.,Det började så klart regna precis när vi gick ut.,,
train,weather,neutralize,weather-01,synthetic_needs_review,"Skriv om meningen på neutral standardsvenska utan slang eller regionala uttryck. Behåll exakt samma betydelse, negationer och sakuppgifter.",Det började så klart regna precis när vi gick ut.,Det började regna precis när vi gick ut.,,
train,weather,rewrite_slang,weather-02,synthetic_needs_review,"Skriv om meningen på naturlig svensk vardagsslang. Behåll exakt samma betydelse, negationer, namn och sakuppgifter. Lägg inte till någon ny information.",Det är mycket kallare än i går.,Det är skitmycket kallare än i går.,,
train,weather,rewrite_malmo_mild,weather-02,synthetic_needs_review,"Skriv om meningen på modern, mild malmöitisk vardagssvenska. Tonen ska vara avslappnad och naturlig, inte stereotyp eller fonetiskt skriven. Behåll exakt samma betydelse och lägg inte till information.",Det är mycket kallare än i går.,Det är riktigt mycket kallare än i går.,,
train,weather,rewrite_malmo_medium,weather-02,synthetic_needs_review,"Skriv om meningen på modern malmöitisk vardagssvenska med tydlig men naturlig vardagston. Undvik karikatyr och överanvänd inte regionala markörer. Behåll exakt samma betydelse, negationer och sakuppgifter.",Det är mycket kallare än i går.,Det är svinkallt jämfört med i går.,,
train,weather,neutralize,weather-02,synthetic_needs_review,"Skriv om meningen på neutral standardsvenska utan slang eller regionala uttryck. Behåll exakt samma betydelse, negationer och sakuppgifter.",Det är svinkallt jämfört med i går.,Det är mycket kallare än i går.,,
train,weather,rewrite_slang,weather-03,synthetic_needs_review,"Skriv om meningen på naturlig svensk vardagsslang. Behåll exakt samma betydelse, negationer, namn och sakuppgifter. Lägg inte till någon ny information.",Jag vill inte cykla i den här vinden.,Jag tänker inte cykla i den här blåsten.,,
train,weather,rewrite_malmo_mild,weather-03,synthetic_needs_review,"Skriv om meningen på modern, mild malmöitisk vardagssvenska. Tonen ska vara avslappnad och naturlig, inte stereotyp eller fonetiskt skriven. Behåll exakt samma betydelse och lägg inte till information.",Jag vill inte cykla i den här vinden.,Jag cyklar inte i den här vinden.,,
train,weather,rewrite_malmo_medium,weather-03,synthetic_needs_review,"Skriv om meningen på modern malmöitisk vardagssvenska med tydlig men naturlig vardagston. Undvik karikatyr och överanvänd inte regionala markörer. Behåll exakt samma betydelse, negationer och sakuppgifter.",Jag vill inte cykla i den här vinden.,"Nä, jag tänker inte cykla i den här blåsten.",,
train,weather,neutralize,weather-03,synthetic_needs_review,"Skriv om meningen på neutral standardsvenska utan slang eller regionala uttryck. Behåll exakt samma betydelse, negationer och sakuppgifter.","Nä, jag tänker inte cykla i den här blåsten.",Jag vill inte cykla i den här vinden.,,
train,weather,rewrite_slang,weather-04,synthetic_needs_review,"Skriv om meningen på naturlig svensk vardagsslang. Behåll exakt samma betydelse, negationer, namn och sakuppgifter. Lägg inte till någon ny information.",Solen försvann så fort vi kom fram.,Solen drog så fort vi kom fram.,,
train,weather,rewrite_malmo_mild,weather-04,synthetic_needs_review,"Skriv om meningen på modern, mild malmöitisk vardagssvenska. Tonen ska vara avslappnad och naturlig, inte stereotyp eller fonetiskt skriven. Behåll exakt samma betydelse och lägg inte till information.",Solen försvann så fort vi kom fram.,Solen försvann precis när vi kom fram.,,
train,weather,rewrite_malmo_medium,weather-04,synthetic_needs_review,"Skriv om meningen på modern malmöitisk vardagssvenska med tydlig men naturlig vardagston. Undvik karikatyr och överanvänd inte regionala markörer. Behåll exakt samma betydelse, negationer och sakuppgifter.",Solen försvann så fort vi kom fram.,Solen bara försvann när vi kom fram.,,
train,weather,neutralize,weather-04,synthetic_needs_review,"Skriv om meningen på neutral standardsvenska utan slang eller regionala uttryck. Behåll exakt samma betydelse, negationer och sakuppgifter.",Solen bara försvann när vi kom fram.,Solen försvann så fort vi kom fram.,,
train,weather,rewrite_slang,weather-05,synthetic_needs_review,"Skriv om meningen på naturlig svensk vardagsslang. Behåll exakt samma betydelse, negationer, namn och sakuppgifter. Lägg inte till någon ny information.",Det ser ut att bli regn senare.,Det ser ut som att det ska regna senare.,,
train,weather,rewrite_malmo_mild,weather-05,synthetic_needs_review,"Skriv om meningen på modern, mild malmöitisk vardagssvenska. Tonen ska vara avslappnad och naturlig, inte stereotyp eller fonetiskt skriven. Behåll exakt samma betydelse och lägg inte till information.",Det ser ut att bli regn senare.,Det ser ut att komma regn senare.,,
train,weather,rewrite_malmo_medium,weather-05,synthetic_needs_review,"Skriv om meningen på modern malmöitisk vardagssvenska med tydlig men naturlig vardagston. Undvik karikatyr och överanvänd inte regionala markörer. Behåll exakt samma betydelse, negationer och sakuppgifter.",Det ser ut att bli regn senare.,Det lär bli regn senare.,,
train,weather,neutralize,weather-05,synthetic_needs_review,"Skriv om meningen på neutral standardsvenska utan slang eller regionala uttryck. Behåll exakt samma betydelse, negationer och sakuppgifter.",Det lär bli regn senare.,Det ser ut att bli regn senare.,,
train,weather,rewrite_slang,weather-06,synthetic_needs_review,"Skriv om meningen på naturlig svensk vardagsslang. Behåll exakt samma betydelse, negationer, namn och sakuppgifter. Lägg inte till någon ny information.",Jag hann inte ta med ett paraply.,Jag hann inte få med mig ett paraply.,,
train,weather,rewrite_malmo_mild,weather-06,synthetic_needs_review,"Skriv om meningen på modern, mild malmöitisk vardagssvenska. Tonen ska vara avslappnad och naturlig, inte stereotyp eller fonetiskt skriven. Behåll exakt samma betydelse och lägg inte till information.",Jag hann inte ta med ett paraply.,Jag fick inte med mig något paraply.,,
train,weather,rewrite_malmo_medium,weather-06,synthetic_needs_review,"Skriv om meningen på modern malmöitisk vardagssvenska med tydlig men naturlig vardagston. Undvik karikatyr och överanvänd inte regionala markörer. Behåll exakt samma betydelse, negationer och sakuppgifter.",Jag hann inte ta med ett paraply.,Jag hann så klart inte få med mig ett paraply.,,
train,weather,neutralize,weather-06,synthetic_needs_review,"Skriv om meningen på neutral standardsvenska utan slang eller regionala uttryck. Behåll exakt samma betydelse, negationer och sakuppgifter.",Jag hann så klart inte få med mig ett paraply.,Jag hann inte ta med ett paraply.,,
train,weather,chat_malmo_mild,weather-chat-01,synthetic_needs_review,"Svara kort, hjälpsamt och naturligt på mild modern malmöitisk vardagssvenska. Hitta inte på fakta och använd inte dialektmarkörer i varje mening.",Det ösregnar och jag ska ut.,Ta regnkläder eller vänta en stund om resan inte är brådskande.,,
train,weather,chat_malmo_medium,weather-chat-01,synthetic_needs_review,Svara kort och konkret på modern malmöitisk vardagssvenska. Tonen får vara urban och avslappnad men inte stereotyp. Hitta inte på fakta.,Det ösregnar och jag ska ut.,Ta regnkläder eller vänta lite om du inte måste dra direkt.,,
train,weather,chat_malmo_mild,weather-chat-02,synthetic_needs_review,"Svara kort, hjälpsamt och naturligt på mild modern malmöitisk vardagssvenska. Hitta inte på fakta och använd inte dialektmarkörer i varje mening.",Det blåser för mycket för att cykla.,Välj en annan väg eller ett annat färdsätt om det känns osäkert.,,
train,weather,chat_malmo_medium,weather-chat-02,synthetic_needs_review,Svara kort och konkret på modern malmöitisk vardagssvenska. Tonen får vara urban och avslappnad men inte stereotyp. Hitta inte på fakta.,Det blåser för mycket för att cykla.,Ta något annat än cykeln om det känns osäkert.,,
train,appointments,rewrite_slang,appointments-01,synthetic_needs_review,"Skriv om meningen på naturlig svensk vardagsslang. Behåll exakt samma betydelse, negationer, namn och sakuppgifter. Lägg inte till någon ny information.",Jag behöver boka om tiden till nästa vecka.,Jag behöver flytta tiden till nästa vecka.,,
train,appointments,rewrite_malmo_mild,appointments-01,synthetic_needs_review,"Skriv om meningen på modern, mild malmöitisk vardagssvenska. Tonen ska vara avslappnad och naturlig, inte stereotyp eller fonetiskt skriven. Behåll exakt samma betydelse och lägg inte till information.",Jag behöver boka om tiden till nästa vecka.,Jag behöver boka om tiden till nästa vecka.,,
train,appointments,rewrite_malmo_medium,appointments-01,synthetic_needs_review,"Skriv om meningen på modern malmöitisk vardagssvenska med tydlig men naturlig vardagston. Undvik karikatyr och överanvänd inte regionala markörer. Behåll exakt samma betydelse, negationer och sakuppgifter.",Jag behöver boka om tiden till nästa vecka.,Jag får flytta tiden till nästa vecka.,,
train,appointments,neutralize,appointments-01,synthetic_needs_review,"Skriv om meningen på neutral standardsvenska utan slang eller regionala uttryck. Behåll exakt samma betydelse, negationer och sakuppgifter.",Jag får flytta tiden till nästa vecka.,Jag behöver boka om tiden till nästa vecka.,,
train,appointments,rewrite_slang,appointments-02,synthetic_needs_review,"Skriv om meningen på naturlig svensk vardagsslang. Behåll exakt samma betydelse, negationer, namn och sakuppgifter. Lägg inte till någon ny information.",De har fortfarande inte bekräftat bokningen.,De har fortfarande inte bekräftat tiden.,,
train,appointments,rewrite_malmo_mild,appointments-02,synthetic_needs_review,"Skriv om meningen på modern, mild malmöitisk vardagssvenska. Tonen ska vara avslappnad och naturlig, inte stereotyp eller fonetiskt skriven. Behåll exakt samma betydelse och lägg inte till information.",De har fortfarande inte bekräftat bokningen.,De har inte bekräftat bokningen än.,,
train,appointments,rewrite_malmo_medium,appointments-02,synthetic_needs_review,"Skriv om meningen på modern malmöitisk vardagssvenska med tydlig men naturlig vardagston. Undvik karikatyr och överanvänd inte regionala markörer. Behåll exakt samma betydelse, negationer och sakuppgifter.",De har fortfarande inte bekräftat bokningen.,De har fortfarande inte ens bekräftat bokningen.,,
train,appointments,neutralize,appointments-02,synthetic_needs_review,"Skriv om meningen på neutral standardsvenska utan slang eller regionala uttryck. Behåll exakt samma betydelse, negationer och sakuppgifter.",De har fortfarande inte ens bekräftat bokningen.,De har fortfarande inte bekräftat bokningen.,,
train,appointments,rewrite_slang,appointments-03,synthetic_needs_review,"Skriv om meningen på naturlig svensk vardagsslang. Behåll exakt samma betydelse, negationer, namn och sakuppgifter. Lägg inte till någon ny information.",Jag kommer inte hinna till klockan tre.,Jag kommer inte hinna till tre.,,
train,appointments,rewrite_malmo_mild,appointments-03,synthetic_needs_review,"Skriv om meningen på modern, mild malmöitisk vardagssvenska. Tonen ska vara avslappnad och naturlig, inte stereotyp eller fonetiskt skriven. Behåll exakt samma betydelse och lägg inte till information.",Jag kommer inte hinna till klockan tre.,Jag hinner inte dit till tre.,,
train,appointments,rewrite_malmo_medium,appointments-03,synthetic_needs_review,"Skriv om meningen på modern malmöitisk vardagssvenska med tydlig men naturlig vardagston. Undvik karikatyr och överanvänd inte regionala markörer. Behåll exakt samma betydelse, negationer och sakuppgifter.",Jag kommer inte hinna till klockan tre.,"Jag kommer inte hinna dit till tre, tyvärr.",,
train,appointments,neutralize,appointments-03,synthetic_needs_review,"Skriv om meningen på neutral standardsvenska utan slang eller regionala uttryck. Behåll exakt samma betydelse, negationer och sakuppgifter.","Jag kommer inte hinna dit till tre, tyvärr.",Jag kommer inte hinna till klockan tre.,,
train,appointments,rewrite_slang,appointments-04,synthetic_needs_review,"Skriv om meningen på naturlig svensk vardagsslang. Behåll exakt samma betydelse, negationer, namn och sakuppgifter. Lägg inte till någon ny information.",Det är svårt att hitta en ledig tid.,Det är svårt att hitta någon tid som är ledig.,,
train,appointments,rewrite_malmo_mild,appointments-04,synthetic_needs_review,"Skriv om meningen på modern, mild malmöitisk vardagssvenska. Tonen ska vara avslappnad och naturlig, inte stereotyp eller fonetiskt skriven. Behåll exakt samma betydelse och lägg inte till information.",Det är svårt att hitta en ledig tid.,Det är rätt svårt att få en ledig tid.,,
train,appointments,rewrite_malmo_medium,appointments-04,synthetic_needs_review,"Skriv om meningen på modern malmöitisk vardagssvenska med tydlig men naturlig vardagston. Undvik karikatyr och överanvänd inte regionala markörer. Behåll exakt samma betydelse, negationer och sakuppgifter.",Det är svårt att hitta en ledig tid.,Det är ett jäkla klydd att få en ledig tid.,,
train,appointments,neutralize,appointments-04,synthetic_needs_review,"Skriv om meningen på neutral standardsvenska utan slang eller regionala uttryck. Behåll exakt samma betydelse, negationer och sakuppgifter.",Det är ett jäkla klydd att få en ledig tid.,Det är svårt att hitta en ledig tid.,,
train,appointments,rewrite_slang,appointments-05,synthetic_needs_review,"Skriv om meningen på naturlig svensk vardagsslang. Behåll exakt samma betydelse, negationer, namn och sakuppgifter. Lägg inte till någon ny information.",Jag måste avboka eftersom jag är sjuk.,Jag måste avboka för att jag är sjuk.,,
train,appointments,rewrite_malmo_mild,appointments-05,synthetic_needs_review,"Skriv om meningen på modern, mild malmöitisk vardagssvenska. Tonen ska vara avslappnad och naturlig, inte stereotyp eller fonetiskt skriven. Behåll exakt samma betydelse och lägg inte till information.",Jag måste avboka eftersom jag är sjuk.,Jag får avboka eftersom jag är sjuk.,,
train,appointments,rewrite_malmo_medium,appointments-05,synthetic_needs_review,"Skriv om meningen på modern malmöitisk vardagssvenska med tydlig men naturlig vardagston. Undvik karikatyr och överanvänd inte regionala markörer. Behåll exakt samma betydelse, negationer och sakuppgifter.",Jag måste avboka eftersom jag är sjuk.,"Jag får ställa in, jag är sjuk.",,
train,appointments,neutralize,appointments-05,synthetic_needs_review,"Skriv om meningen på neutral standardsvenska utan slang eller regionala uttryck. Behåll exakt samma betydelse, negationer och sakuppgifter.","Jag får ställa in, jag är sjuk.",Jag måste avboka eftersom jag är sjuk.,,
train,appointments,rewrite_slang,appointments-06,synthetic_needs_review,"Skriv om meningen på naturlig svensk vardagsslang. Behåll exakt samma betydelse, negationer, namn och sakuppgifter. Lägg inte till någon ny information.",Kan du skicka adressen en gång till?,Kan du skicka adressen igen?,,
train,appointments,rewrite_malmo_mild,appointments-06,synthetic_needs_review,"Skriv om meningen på modern, mild malmöitisk vardagssvenska. Tonen ska vara avslappnad och naturlig, inte stereotyp eller fonetiskt skriven. Behåll exakt samma betydelse och lägg inte till information.",Kan du skicka adressen en gång till?,Kan du skicka adressen en gång till?,,
train,appointments,rewrite_malmo_medium,appointments-06,synthetic_needs_review,"Skriv om meningen på modern malmöitisk vardagssvenska med tydlig men naturlig vardagston. Undvik karikatyr och överanvänd inte regionala markörer. Behåll exakt samma betydelse, negationer och sakuppgifter.",Kan du skicka adressen en gång till?,Kan du dra iväg adressen igen?,,
train,appointments,neutralize,appointments-06,synthetic_needs_review,"Skriv om meningen på neutral standardsvenska utan slang eller regionala uttryck. Behåll exakt samma betydelse, negationer och sakuppgifter.",Kan du dra iväg adressen igen?,Kan du skicka adressen en gång till?,,
train,appointments,chat_malmo_mild,appointments-chat-01,synthetic_needs_review,"Svara kort, hjälpsamt och naturligt på mild modern malmöitisk vardagssvenska. Hitta inte på fakta och använd inte dialektmarkörer i varje mening.",Jag hinner inte till min tid.,Kontakta mottagningen så snart som möjligt och fråga om tiden kan flyttas.,,
train,appointments,chat_malmo_medium,appointments-chat-01,synthetic_needs_review,Svara kort och konkret på modern malmöitisk vardagssvenska. Tonen får vara urban och avslappnad men inte stereotyp. Hitta inte på fakta.,Jag hinner inte till min tid.,Hör av dig direkt och fråga om de kan flytta tiden.,,
train,appointments,chat_malmo_mild,appointments-chat-02,synthetic_needs_review,"Svara kort, hjälpsamt och naturligt på mild modern malmöitisk vardagssvenska. Hitta inte på fakta och använd inte dialektmarkörer i varje mening.",De har inte bekräftat bokningen.,Kontakta dem och be om en skriftlig bekräftelse innan du åker dit.,,
train,appointments,chat_malmo_medium,appointments-chat-02,synthetic_needs_review,Svara kort och konkret på modern malmöitisk vardagssvenska. Tonen får vara urban och avslappnad men inte stereotyp. Hitta inte på fakta.,De har inte bekräftat bokningen.,Hör av dig och be om en bekräftelse innan du drar dit.,,
train,travel,rewrite_slang,travel-01,synthetic_needs_review,"Skriv om meningen på naturlig svensk vardagsslang. Behåll exakt samma betydelse, negationer, namn och sakuppgifter. Lägg inte till någon ny information.",Jag vill kontrollera hotellet innan vi bokar.,Jag vill kolla hotellet innan vi bokar.,,
train,travel,rewrite_malmo_mild,travel-01,synthetic_needs_review,"Skriv om meningen på modern, mild malmöitisk vardagssvenska. Tonen ska vara avslappnad och naturlig, inte stereotyp eller fonetiskt skriven. Behåll exakt samma betydelse och lägg inte till information.",Jag vill kontrollera hotellet innan vi bokar.,Jag vill kolla hotellet först.,,
train,travel,rewrite_malmo_medium,travel-01,synthetic_needs_review,"Skriv om meningen på modern malmöitisk vardagssvenska med tydlig men naturlig vardagston. Undvik karikatyr och överanvänd inte regionala markörer. Behåll exakt samma betydelse, negationer och sakuppgifter.",Jag vill kontrollera hotellet innan vi bokar.,Jag vill kolla upp hotellet innan vi bokar något.,,
train,travel,neutralize,travel-01,synthetic_needs_review,"Skriv om meningen på neutral standardsvenska utan slang eller regionala uttryck. Behåll exakt samma betydelse, negationer och sakuppgifter.",Jag vill kolla upp hotellet innan vi bokar något.,Jag vill kontrollera hotellet innan vi bokar.,,
train,travel,rewrite_slang,travel-02,synthetic_needs_review,"Skriv om meningen på naturlig svensk vardagsslang. Behåll exakt samma betydelse, negationer, namn och sakuppgifter. Lägg inte till någon ny information.",Vi har inte bestämt vilken väg vi ska ta.,Vi har inte bestämt vilken väg vi tar.,,
train,travel,rewrite_malmo_mild,travel-02,synthetic_needs_review,"Skriv om meningen på modern, mild malmöitisk vardagssvenska. Tonen ska vara avslappnad och naturlig, inte stereotyp eller fonetiskt skriven. Behåll exakt samma betydelse och lägg inte till information.",Vi har inte bestämt vilken väg vi ska ta.,Vi har inte bestämt vägen än.,,
train,travel,rewrite_malmo_medium,travel-02,synthetic_needs_review,"Skriv om meningen på modern malmöitisk vardagssvenska med tydlig men naturlig vardagston. Undvik karikatyr och överanvänd inte regionala markörer. Behåll exakt samma betydelse, negationer och sakuppgifter.",Vi har inte bestämt vilken väg vi ska ta.,Vi har inte ens bestämt vilken väg vi ska köra.,,
train,travel,neutralize,travel-02,synthetic_needs_review,"Skriv om meningen på neutral standardsvenska utan slang eller regionala uttryck. Behåll exakt samma betydelse, negationer och sakuppgifter.",Vi har inte ens bestämt vilken väg vi ska köra.,Vi har inte bestämt vilken väg vi ska ta.,,
train,travel,rewrite_slang,travel-03,synthetic_needs_review,"Skriv om meningen på naturlig svensk vardagsslang. Behåll exakt samma betydelse, negationer, namn och sakuppgifter. Lägg inte till någon ny information.",Flyget avgår mycket tidigt på morgonen.,Flyget går skittidigt på morgonen.,,
train,travel,rewrite_malmo_mild,travel-03,synthetic_needs_review,"Skriv om meningen på modern, mild malmöitisk vardagssvenska. Tonen ska vara avslappnad och naturlig, inte stereotyp eller fonetiskt skriven. Behåll exakt samma betydelse och lägg inte till information.",Flyget avgår mycket tidigt på morgonen.,Flyget går riktigt tidigt på morgonen.,,
train,travel,rewrite_malmo_medium,travel-03,synthetic_needs_review,"Skriv om meningen på modern malmöitisk vardagssvenska med tydlig men naturlig vardagston. Undvik karikatyr och överanvänd inte regionala markörer. Behåll exakt samma betydelse, negationer och sakuppgifter.",Flyget avgår mycket tidigt på morgonen.,Flyget går löjligt tidigt på morgonen.,,
train,travel,neutralize,travel-03,synthetic_needs_review,"Skriv om meningen på neutral standardsvenska utan slang eller regionala uttryck. Behåll exakt samma betydelse, negationer och sakuppgifter.",Flyget går löjligt tidigt på morgonen.,Flyget avgår mycket tidigt på morgonen.,,
train,travel,rewrite_slang,travel-04,synthetic_needs_review,"Skriv om meningen på naturlig svensk vardagsslang. Behåll exakt samma betydelse, negationer, namn och sakuppgifter. Lägg inte till någon ny information.",Jag vill inte bära den tunga väskan hela dagen.,Jag tänker inte släpa på den tunga väskan hela dagen.,,
train,travel,rewrite_malmo_mild,travel-04,synthetic_needs_review,"Skriv om meningen på modern, mild malmöitisk vardagssvenska. Tonen ska vara avslappnad och naturlig, inte stereotyp eller fonetiskt skriven. Behåll exakt samma betydelse och lägg inte till information.",Jag vill inte bära den tunga väskan hela dagen.,Jag vill inte släpa den väskan hela dagen.,,
train,travel,rewrite_malmo_medium,travel-04,synthetic_needs_review,"Skriv om meningen på modern malmöitisk vardagssvenska med tydlig men naturlig vardagston. Undvik karikatyr och överanvänd inte regionala markörer. Behåll exakt samma betydelse, negationer och sakuppgifter.",Jag vill inte bära den tunga väskan hela dagen.,"Nä, jag tänker inte gå och släpa på den där väskan hela dagen.",,
train,travel,neutralize,travel-04,synthetic_needs_review,"Skriv om meningen på neutral standardsvenska utan slang eller regionala uttryck. Behåll exakt samma betydelse, negationer och sakuppgifter.","Nä, jag tänker inte gå och släpa på den där väskan hela dagen.",Jag vill inte bära den tunga väskan hela dagen.,,
train,travel,rewrite_slang,travel-05,synthetic_needs_review,"Skriv om meningen på naturlig svensk vardagsslang. Behåll exakt samma betydelse, negationer, namn och sakuppgifter. Lägg inte till någon ny information.",Vi behöver hitta någonstans att äta.,Vi måste hitta något ställe att käka på.,,
train,travel,rewrite_malmo_mild,travel-05,synthetic_needs_review,"Skriv om meningen på modern, mild malmöitisk vardagssvenska. Tonen ska vara avslappnad och naturlig, inte stereotyp eller fonetiskt skriven. Behåll exakt samma betydelse och lägg inte till information.",Vi behöver hitta någonstans att äta.,Vi får hitta något ställe att äta på.,,
train,travel,rewrite_malmo_medium,travel-05,synthetic_needs_review,"Skriv om meningen på modern malmöitisk vardagssvenska med tydlig men naturlig vardagston. Undvik karikatyr och överanvänd inte regionala markörer. Behåll exakt samma betydelse, negationer och sakuppgifter.",Vi behöver hitta någonstans att äta.,Vi får hitta något ställe att käka på.,,
train,travel,neutralize,travel-05,synthetic_needs_review,"Skriv om meningen på neutral standardsvenska utan slang eller regionala uttryck. Behåll exakt samma betydelse, negationer och sakuppgifter.",Vi får hitta något ställe att käka på.,Vi behöver hitta någonstans att äta.,,
train,travel,rewrite_slang,travel-06,synthetic_needs_review,"Skriv om meningen på naturlig svensk vardagsslang. Behåll exakt samma betydelse, negationer, namn och sakuppgifter. Lägg inte till någon ny information.",Jag glömde laddaren hemma.,Jag glömde så klart laddaren hemma.,,
train,travel,rewrite_malmo_mild,travel-06,synthetic_needs_review,"Skriv om meningen på modern, mild malmöitisk vardagssvenska. Tonen ska vara avslappnad och naturlig, inte stereotyp eller fonetiskt skriven. Behåll exakt samma betydelse och lägg inte till information.",Jag glömde laddaren hemma.,Jag fick inte med mig laddaren.,,
train,travel,rewrite_malmo_medium,travel-06,synthetic_needs_review,"Skriv om meningen på modern malmöitisk vardagssvenska med tydlig men naturlig vardagston. Undvik karikatyr och överanvänd inte regionala markörer. Behåll exakt samma betydelse, negationer och sakuppgifter.",Jag glömde laddaren hemma.,"Jag glömde laddaren hemma, så klart.",,
train,travel,neutralize,travel-06,synthetic_needs_review,"Skriv om meningen på neutral standardsvenska utan slang eller regionala uttryck. Behåll exakt samma betydelse, negationer och sakuppgifter.","Jag glömde laddaren hemma, så klart.",Jag glömde laddaren hemma.,,
train,travel,chat_malmo_mild,travel-chat-01,synthetic_needs_review,"Svara kort, hjälpsamt och naturligt på mild modern malmöitisk vardagssvenska. Hitta inte på fakta och använd inte dialektmarkörer i varje mening.",Hotellet ser tveksamt ut.,"Kontrollera nya omdömen, adressen och avbokningsvillkoren innan du bokar.",,
train,travel,chat_malmo_medium,travel-chat-01,synthetic_needs_review,Svara kort och konkret på modern malmöitisk vardagssvenska. Tonen får vara urban och avslappnad men inte stereotyp. Hitta inte på fakta.,Hotellet ser tveksamt ut.,"Kolla färska omdömen, adressen och avbokningen innan du bokar.",,
train,travel,chat_malmo_mild,travel-chat-02,synthetic_needs_review,"Svara kort, hjälpsamt och naturligt på mild modern malmöitisk vardagssvenska. Hitta inte på fakta och använd inte dialektmarkörer i varje mening.",Jag glömde laddaren.,Fråga hotellet eller en butik i närheten om de har en kompatibel laddare.,,
train,travel,chat_malmo_medium,travel-chat-02,synthetic_needs_review,Svara kort och konkret på modern malmöitisk vardagssvenska. Tonen får vara urban och avslappnad men inte stereotyp. Hitta inte på fakta.,Jag glömde laddaren.,Kolla med hotellet eller en butik i närheten om de har rätt laddare.,,
train,gaming,rewrite_slang,gaming-01,synthetic_needs_review,"Skriv om meningen på naturlig svensk vardagsslang. Behåll exakt samma betydelse, negationer, namn och sakuppgifter. Lägg inte till någon ny information.",Spelet kraschar varje gång jag öppnar kartan.,Spelet kraschar varje gång jag öppnar kartan.,,
train,gaming,rewrite_malmo_mild,gaming-01,synthetic_needs_review,"Skriv om meningen på modern, mild malmöitisk vardagssvenska. Tonen ska vara avslappnad och naturlig, inte stereotyp eller fonetiskt skriven. Behåll exakt samma betydelse och lägg inte till information.",Spelet kraschar varje gång jag öppnar kartan.,Spelet kraschar så fort jag öppnar kartan.,,
train,gaming,rewrite_malmo_medium,gaming-01,synthetic_needs_review,"Skriv om meningen på modern malmöitisk vardagssvenska med tydlig men naturlig vardagston. Undvik karikatyr och överanvänd inte regionala markörer. Behåll exakt samma betydelse, negationer och sakuppgifter.",Spelet kraschar varje gång jag öppnar kartan.,Spelet bara dör varje gång jag öppnar kartan.,,
train,gaming,neutralize,gaming-01,synthetic_needs_review,"Skriv om meningen på neutral standardsvenska utan slang eller regionala uttryck. Behåll exakt samma betydelse, negationer och sakuppgifter.",Spelet bara dör varje gång jag öppnar kartan.,Spelet kraschar varje gång jag öppnar kartan.,,
train,gaming,rewrite_slang,gaming-02,synthetic_needs_review,"Skriv om meningen på naturlig svensk vardagsslang. Behåll exakt samma betydelse, negationer, namn och sakuppgifter. Lägg inte till någon ny information.",Jag förstår inte hur uppdraget ska lösas.,Jag fattar inte hur man ska lösa uppdraget.,,
train,gaming,rewrite_malmo_mild,gaming-02,synthetic_needs_review,"Skriv om meningen på modern, mild malmöitisk vardagssvenska. Tonen ska vara avslappnad och naturlig, inte stereotyp eller fonetiskt skriven. Behåll exakt samma betydelse och lägg inte till information.",Jag förstår inte hur uppdraget ska lösas.,Jag fattar inte hur uppdraget ska lösas.,,
train,gaming,rewrite_malmo_medium,gaming-02,synthetic_needs_review,"Skriv om meningen på modern malmöitisk vardagssvenska med tydlig men naturlig vardagston. Undvik karikatyr och överanvänd inte regionala markörer. Behåll exakt samma betydelse, negationer och sakuppgifter.",Jag förstår inte hur uppdraget ska lösas.,Jag fattar inte hur fan man ska lösa det här uppdraget.,,
train,gaming,neutralize,gaming-02,synthetic_needs_review,"Skriv om meningen på neutral standardsvenska utan slang eller regionala uttryck. Behåll exakt samma betydelse, negationer och sakuppgifter.",Jag fattar inte hur fan man ska lösa det här uppdraget.,Jag förstår inte hur uppdraget ska lösas.,,
train,gaming,rewrite_slang,gaming-03,synthetic_needs_review,"Skriv om meningen på naturlig svensk vardagsslang. Behåll exakt samma betydelse, negationer, namn och sakuppgifter. Lägg inte till någon ny information.",Det tog lång tid att hitta rätt inställning.,Det tog skitlång tid att hitta rätt inställning.,,
train,gaming,rewrite_malmo_mild,gaming-03,synthetic_needs_review,"Skriv om meningen på modern, mild malmöitisk vardagssvenska. Tonen ska vara avslappnad och naturlig, inte stereotyp eller fonetiskt skriven. Behåll exakt samma betydelse och lägg inte till information.",Det tog lång tid att hitta rätt inställning.,Det tog riktigt lång tid att hitta inställningen.,,
train,gaming,rewrite_malmo_medium,gaming-03,synthetic_needs_review,"Skriv om meningen på modern malmöitisk vardagssvenska med tydlig men naturlig vardagston. Undvik karikatyr och överanvänd inte regionala markörer. Behåll exakt samma betydelse, negationer och sakuppgifter.",Det tog lång tid att hitta rätt inställning.,Det tog hur lång tid som helst att hitta rätt inställning.,,
train,gaming,neutralize,gaming-03,synthetic_needs_review,"Skriv om meningen på neutral standardsvenska utan slang eller regionala uttryck. Behåll exakt samma betydelse, negationer och sakuppgifter.",Det tog hur lång tid som helst att hitta rätt inställning.,Det tog lång tid att hitta rätt inställning.,,
train,gaming,rewrite_slang,gaming-04,synthetic_needs_review,"Skriv om meningen på naturlig svensk vardagsslang. Behåll exakt samma betydelse, negationer, namn och sakuppgifter. Lägg inte till någon ny information.",Jag vill inte börja om från början.,Jag tänker inte börja om från början.,,
train,gaming,rewrite_malmo_mild,gaming-04,synthetic_needs_review,"Skriv om meningen på modern, mild malmöitisk vardagssvenska. Tonen ska vara avslappnad och naturlig, inte stereotyp eller fonetiskt skriven. Behåll exakt samma betydelse och lägg inte till information.",Jag vill inte börja om från början.,Jag vill verkligen inte börja om.,,
train,gaming,rewrite_malmo_medium,gaming-04,synthetic_needs_review,"Skriv om meningen på modern malmöitisk vardagssvenska med tydlig men naturlig vardagston. Undvik karikatyr och överanvänd inte regionala markörer. Behåll exakt samma betydelse, negationer och sakuppgifter.",Jag vill inte börja om från början.,"Nä, jag tänker inte börja om från noll.",,
train,gaming,neutralize,gaming-04,synthetic_needs_review,"Skriv om meningen på neutral standardsvenska utan slang eller regionala uttryck. Behåll exakt samma betydelse, negationer och sakuppgifter.","Nä, jag tänker inte börja om från noll.",Jag vill inte börja om från början.,,
train,gaming,rewrite_slang,gaming-05,synthetic_needs_review,"Skriv om meningen på naturlig svensk vardagsslang. Behåll exakt samma betydelse, negationer, namn och sakuppgifter. Lägg inte till någon ny information.",Den nya uppdateringen gjorde spelet långsammare.,Den nya uppdateringen gjorde spelet segare.,,
train,gaming,rewrite_malmo_mild,gaming-05,synthetic_needs_review,"Skriv om meningen på modern, mild malmöitisk vardagssvenska. Tonen ska vara avslappnad och naturlig, inte stereotyp eller fonetiskt skriven. Behåll exakt samma betydelse och lägg inte till information.",Den nya uppdateringen gjorde spelet långsammare.,Spelet blev segare efter uppdateringen.,,
train,gaming,rewrite_malmo_medium,gaming-05,synthetic_needs_review,"Skriv om meningen på modern malmöitisk vardagssvenska med tydlig men naturlig vardagston. Undvik karikatyr och överanvänd inte regionala markörer. Behåll exakt samma betydelse, negationer och sakuppgifter.",Den nya uppdateringen gjorde spelet långsammare.,Spelet blev riktigt segt efter uppdateringen.,,
train,gaming,neutralize,gaming-05,synthetic_needs_review,"Skriv om meningen på neutral standardsvenska utan slang eller regionala uttryck. Behåll exakt samma betydelse, negationer och sakuppgifter.",Spelet blev riktigt segt efter uppdateringen.,Den nya uppdateringen gjorde spelet långsammare.,,
train,gaming,rewrite_slang,gaming-06,synthetic_needs_review,"Skriv om meningen på naturlig svensk vardagsslang. Behåll exakt samma betydelse, negationer, namn och sakuppgifter. Lägg inte till någon ny information.",Vi måste avsluta efter den här matchen.,Vi måste dra efter den här matchen.,,
train,gaming,rewrite_malmo_mild,gaming-06,synthetic_needs_review,"Skriv om meningen på modern, mild malmöitisk vardagssvenska. Tonen ska vara avslappnad och naturlig, inte stereotyp eller fonetiskt skriven. Behåll exakt samma betydelse och lägg inte till information.",Vi måste avsluta efter den här matchen.,Vi får sluta efter den här matchen.,,
train,gaming,rewrite_malmo_medium,gaming-06,synthetic_needs_review,"Skriv om meningen på modern malmöitisk vardagssvenska med tydlig men naturlig vardagston. Undvik karikatyr och överanvänd inte regionala markörer. Behåll exakt samma betydelse, negationer och sakuppgifter.",Vi måste avsluta efter den här matchen.,Vi får dra efter den här matchen.,,
train,gaming,neutralize,gaming-06,synthetic_needs_review,"Skriv om meningen på neutral standardsvenska utan slang eller regionala uttryck. Behåll exakt samma betydelse, negationer och sakuppgifter.",Vi får dra efter den här matchen.,Vi måste avsluta efter den här matchen.,,
train,gaming,chat_malmo_mild,gaming-chat-01,synthetic_needs_review,"Svara kort, hjälpsamt och naturligt på mild modern malmöitisk vardagssvenska. Hitta inte på fakta och använd inte dialektmarkörer i varje mening.",Spelet kraschar när jag öppnar kartan.,"Kontrollera spelfilerna, grafikdrivrutinen och om felet började efter en uppdatering.",,
train,gaming,chat_malmo_medium,gaming-chat-01,synthetic_needs_review,Svara kort och konkret på modern malmöitisk vardagssvenska. Tonen får vara urban och avslappnad men inte stereotyp. Hitta inte på fakta.,Spelet kraschar när jag öppnar kartan.,"Kolla spelfilerna, drivrutinen och om det började efter en uppdatering.",,
train,gaming,chat_malmo_mild,gaming-chat-02,synthetic_needs_review,"Svara kort, hjälpsamt och naturligt på mild modern malmöitisk vardagssvenska. Hitta inte på fakta och använd inte dialektmarkörer i varje mening.",Jag fattar inte uppdraget.,Läs målet igen och kontrollera kartmarkeringar och föremål som uppdraget nämner.,,
train,gaming,chat_malmo_medium,gaming-chat-02,synthetic_needs_review,Svara kort och konkret på modern malmöitisk vardagssvenska. Tonen får vara urban och avslappnad men inte stereotyp. Hitta inte på fakta.,Jag fattar inte uppdraget.,Läs målet igen och kolla markeringarna och grejerna som uppdraget nämner.,,
train,family_logistics,rewrite_slang,family_logistics-01,synthetic_needs_review,"Skriv om meningen på naturlig svensk vardagsslang. Behåll exakt samma betydelse, negationer, namn och sakuppgifter. Lägg inte till någon ny information.",Jag hinner inte hämta barnen före klockan fem.,Jag hinner inte hämta barnen innan fem.,,
train,family_logistics,rewrite_malmo_mild,family_logistics-01,synthetic_needs_review,"Skriv om meningen på modern, mild malmöitisk vardagssvenska. Tonen ska vara avslappnad och naturlig, inte stereotyp eller fonetiskt skriven. Behåll exakt samma betydelse och lägg inte till information.",Jag hinner inte hämta barnen före klockan fem.,Jag hinner inte hämta barnen till fem.,,
train,family_logistics,rewrite_malmo_medium,family_logistics-01,synthetic_needs_review,"Skriv om meningen på modern malmöitisk vardagssvenska med tydlig men naturlig vardagston. Undvik karikatyr och överanvänd inte regionala markörer. Behåll exakt samma betydelse, negationer och sakuppgifter.",Jag hinner inte hämta barnen före klockan fem.,Jag kommer inte hinna hämta barnen innan fem.,,
train,family_logistics,neutralize,family_logistics-01,synthetic_needs_review,"Skriv om meningen på neutral standardsvenska utan slang eller regionala uttryck. Behåll exakt samma betydelse, negationer och sakuppgifter.",Jag kommer inte hinna hämta barnen innan fem.,Jag hinner inte hämta barnen före klockan fem.,,
train,family_logistics,rewrite_slang,family_logistics-02,synthetic_needs_review,"Skriv om meningen på naturlig svensk vardagsslang. Behåll exakt samma betydelse, negationer, namn och sakuppgifter. Lägg inte till någon ny information.",Vi behöver bestämma vem som handlar.,Vi måste bestämma vem som ska handla.,,
train,family_logistics,rewrite_malmo_mild,family_logistics-02,synthetic_needs_review,"Skriv om meningen på modern, mild malmöitisk vardagssvenska. Tonen ska vara avslappnad och naturlig, inte stereotyp eller fonetiskt skriven. Behåll exakt samma betydelse och lägg inte till information.",Vi behöver bestämma vem som handlar.,Vi får bestämma vem som handlar.,,
train,family_logistics,rewrite_malmo_medium,family_logistics-02,synthetic_needs_review,"Skriv om meningen på modern malmöitisk vardagssvenska med tydlig men naturlig vardagston. Undvik karikatyr och överanvänd inte regionala markörer. Behåll exakt samma betydelse, negationer och sakuppgifter.",Vi behöver bestämma vem som handlar.,Vi får reda ut vem som ska dra och handla.,,
train,family_logistics,neutralize,family_logistics-02,synthetic_needs_review,"Skriv om meningen på neutral standardsvenska utan slang eller regionala uttryck. Behåll exakt samma betydelse, negationer och sakuppgifter.",Vi får reda ut vem som ska dra och handla.,Vi behöver bestämma vem som handlar.,,
train,family_logistics,rewrite_slang,family_logistics-03,synthetic_needs_review,"Skriv om meningen på naturlig svensk vardagsslang. Behåll exakt samma betydelse, negationer, namn och sakuppgifter. Lägg inte till någon ny information.",Jag glömde att skicka med gympakläderna.,Jag glömde skicka med gympakläderna.,,
train,family_logistics,rewrite_malmo_mild,family_logistics-03,synthetic_needs_review,"Skriv om meningen på modern, mild malmöitisk vardagssvenska. Tonen ska vara avslappnad och naturlig, inte stereotyp eller fonetiskt skriven. Behåll exakt samma betydelse och lägg inte till information.",Jag glömde att skicka med gympakläderna.,Jag fick inte med gympakläderna.,,
train,family_logistics,rewrite_malmo_medium,family_logistics-03,synthetic_needs_review,"Skriv om meningen på modern malmöitisk vardagssvenska med tydlig men naturlig vardagston. Undvik karikatyr och överanvänd inte regionala markörer. Behåll exakt samma betydelse, negationer och sakuppgifter.",Jag glömde att skicka med gympakläderna.,Jag glömde så klart att skicka med gympakläderna.,,
train,family_logistics,neutralize,family_logistics-03,synthetic_needs_review,"Skriv om meningen på neutral standardsvenska utan slang eller regionala uttryck. Behåll exakt samma betydelse, negationer och sakuppgifter.",Jag glömde så klart att skicka med gympakläderna.,Jag glömde att skicka med gympakläderna.,,
train,family_logistics,rewrite_slang,family_logistics-04,synthetic_needs_review,"Skriv om meningen på naturlig svensk vardagsslang. Behåll exakt samma betydelse, negationer, namn och sakuppgifter. Lägg inte till någon ny information.",De har inte sagt när mötet börjar.,De har inte sagt när mötet drar igång.,,
train,family_logistics,rewrite_malmo_mild,family_logistics-04,synthetic_needs_review,"Skriv om meningen på modern, mild malmöitisk vardagssvenska. Tonen ska vara avslappnad och naturlig, inte stereotyp eller fonetiskt skriven. Behåll exakt samma betydelse och lägg inte till information.",De har inte sagt när mötet börjar.,De har inte sagt när mötet börjar än.,,
train,family_logistics,rewrite_malmo_medium,family_logistics-04,synthetic_needs_review,"Skriv om meningen på modern malmöitisk vardagssvenska med tydlig men naturlig vardagston. Undvik karikatyr och överanvänd inte regionala markörer. Behåll exakt samma betydelse, negationer och sakuppgifter.",De har inte sagt när mötet börjar.,De har fortfarande inte sagt när mötet drar igång.,,
train,family_logistics,neutralize,family_logistics-04,synthetic_needs_review,"Skriv om meningen på neutral standardsvenska utan slang eller regionala uttryck. Behåll exakt samma betydelse, negationer och sakuppgifter.",De har fortfarande inte sagt när mötet drar igång.,De har inte sagt när mötet börjar.,,
train,family_logistics,rewrite_slang,family_logistics-05,synthetic_needs_review,"Skriv om meningen på naturlig svensk vardagsslang. Behåll exakt samma betydelse, negationer, namn och sakuppgifter. Lägg inte till någon ny information.",Jag orkar inte laga två olika middagar.,Jag pallar inte laga två olika middagar.,,
train,family_logistics,rewrite_malmo_mild,family_logistics-05,synthetic_needs_review,"Skriv om meningen på modern, mild malmöitisk vardagssvenska. Tonen ska vara avslappnad och naturlig, inte stereotyp eller fonetiskt skriven. Behåll exakt samma betydelse och lägg inte till information.",Jag orkar inte laga två olika middagar.,Jag orkar inte fixa två olika middagar.,,
train,family_logistics,rewrite_malmo_medium,family_logistics-05,synthetic_needs_review,"Skriv om meningen på modern malmöitisk vardagssvenska med tydlig men naturlig vardagston. Undvik karikatyr och överanvänd inte regionala markörer. Behåll exakt samma betydelse, negationer och sakuppgifter.",Jag orkar inte laga två olika middagar.,Jag pallar inte stå och fixa två olika middagar.,,
train,family_logistics,neutralize,family_logistics-05,synthetic_needs_review,"Skriv om meningen på neutral standardsvenska utan slang eller regionala uttryck. Behåll exakt samma betydelse, negationer och sakuppgifter.",Jag pallar inte stå och fixa två olika middagar.,Jag orkar inte laga två olika middagar.,,
train,family_logistics,rewrite_slang,family_logistics-06,synthetic_needs_review,"Skriv om meningen på naturlig svensk vardagsslang. Behåll exakt samma betydelse, negationer, namn och sakuppgifter. Lägg inte till någon ny information.",Kan du påminna mig om tiden senare?,Kan du påminna mig om tiden sen?,,
train,family_logistics,rewrite_malmo_mild,family_logistics-06,synthetic_needs_review,"Skriv om meningen på modern, mild malmöitisk vardagssvenska. Tonen ska vara avslappnad och naturlig, inte stereotyp eller fonetiskt skriven. Behåll exakt samma betydelse och lägg inte till information.",Kan du påminna mig om tiden senare?,Kan du påminna mig om tiden senare?,,
train,family_logistics,rewrite_malmo_medium,family_logistics-06,synthetic_needs_review,"Skriv om meningen på modern malmöitisk vardagssvenska med tydlig men naturlig vardagston. Undvik karikatyr och överanvänd inte regionala markörer. Behåll exakt samma betydelse, negationer och sakuppgifter.",Kan du påminna mig om tiden senare?,Kan du säga till mig om tiden sen?,,
train,family_logistics,neutralize,family_logistics-06,synthetic_needs_review,"Skriv om meningen på neutral standardsvenska utan slang eller regionala uttryck. Behåll exakt samma betydelse, negationer och sakuppgifter.",Kan du säga till mig om tiden sen?,Kan du påminna mig om tiden senare?,,
train,family_logistics,chat_malmo_mild,family_logistics-chat-01,synthetic_needs_review,"Svara kort, hjälpsamt och naturligt på mild modern malmöitisk vardagssvenska. Hitta inte på fakta och använd inte dialektmarkörer i varje mening.",Jag hinner inte hämta före fem.,Kontakta den andra vårdnadshavaren eller verksamheten direkt och förklara förseningen.,,
train,family_logistics,chat_malmo_medium,family_logistics-chat-01,synthetic_needs_review,Svara kort och konkret på modern malmöitisk vardagssvenska. Tonen får vara urban och avslappnad men inte stereotyp. Hitta inte på fakta.,Jag hinner inte hämta före fem.,Hör av dig direkt till den andra vuxna eller verksamheten och säg att du blir sen.,,
train,family_logistics,chat_malmo_mild,family_logistics-chat-02,synthetic_needs_review,"Svara kort, hjälpsamt och naturligt på mild modern malmöitisk vardagssvenska. Hitta inte på fakta och använd inte dialektmarkörer i varje mening.",Vem ska handla?,Bestäm utifrån vem som har tid och skriv en tydlig inköpslista.,,
train,family_logistics,chat_malmo_medium,family_logistics-chat-02,synthetic_needs_review,Svara kort och konkret på modern malmöitisk vardagssvenska. Tonen får vara urban och avslappnad men inte stereotyp. Hitta inte på fakta.,Vem ska handla?,Ta den som har tid och skriv en ordentlig lista så inget glöms.,,
validation,customer_service,rewrite_slang,customer_service-01,synthetic_needs_review,"Skriv om meningen på naturlig svensk vardagsslang. Behåll exakt samma betydelse, negationer, namn och sakuppgifter. Lägg inte till någon ny information.",Jag har fortfarande inte fått någon återbetalning.,Jag har fortfarande inte fått tillbaka pengarna.,,
validation,customer_service,rewrite_malmo_mild,customer_service-01,synthetic_needs_review,"Skriv om meningen på modern, mild malmöitisk vardagssvenska. Tonen ska vara avslappnad och naturlig, inte stereotyp eller fonetiskt skriven. Behåll exakt samma betydelse och lägg inte till information.",Jag har fortfarande inte fått någon återbetalning.,Jag har inte fått återbetalningen än.,,
validation,customer_service,rewrite_malmo_medium,customer_service-01,synthetic_needs_review,"Skriv om meningen på modern malmöitisk vardagssvenska med tydlig men naturlig vardagston. Undvik karikatyr och överanvänd inte regionala markörer. Behåll exakt samma betydelse, negationer och sakuppgifter.",Jag har fortfarande inte fått någon återbetalning.,Jag har fortfarande inte sett röken av någon återbetalning.,,
validation,customer_service,neutralize,customer_service-01,synthetic_needs_review,"Skriv om meningen på neutral standardsvenska utan slang eller regionala uttryck. Behåll exakt samma betydelse, negationer och sakuppgifter.",Jag har fortfarande inte sett röken av någon återbetalning.,Jag har fortfarande inte fått någon återbetalning.,,
validation,customer_service,rewrite_slang,customer_service-02,synthetic_needs_review,"Skriv om meningen på naturlig svensk vardagsslang. Behåll exakt samma betydelse, negationer, namn och sakuppgifter. Lägg inte till någon ny information.",Beställningen innehöll fel vara.,De skickade fel grej i beställningen.,,
validation,customer_service,rewrite_malmo_mild,customer_service-02,synthetic_needs_review,"Skriv om meningen på modern, mild malmöitisk vardagssvenska. Tonen ska vara avslappnad och naturlig, inte stereotyp eller fonetiskt skriven. Behåll exakt samma betydelse och lägg inte till information.",Beställningen innehöll fel vara.,Det låg fel vara i beställningen.,,
validation,customer_service,rewrite_malmo_medium,customer_service-02,synthetic_needs_review,"Skriv om meningen på modern malmöitisk vardagssvenska med tydlig men naturlig vardagston. Undvik karikatyr och överanvänd inte regionala markörer. Behåll exakt samma betydelse, negationer och sakuppgifter.",Beställningen innehöll fel vara.,De har skickat helt fel grej.,,
validation,customer_service,neutralize,customer_service-02,synthetic_needs_review,"Skriv om meningen på neutral standardsvenska utan slang eller regionala uttryck. Behåll exakt samma betydelse, negationer och sakuppgifter.",De har skickat helt fel grej.,Beställningen innehöll fel vara.,,
validation,customer_service,rewrite_slang,customer_service-03,synthetic_needs_review,"Skriv om meningen på naturlig svensk vardagsslang. Behåll exakt samma betydelse, negationer, namn och sakuppgifter. Lägg inte till någon ny information.",Jag vill tala med någon som kan lösa problemet.,Jag vill prata med någon som faktiskt kan lösa det här.,,
validation,customer_service,rewrite_malmo_mild,customer_service-03,synthetic_needs_review,"Skriv om meningen på modern, mild malmöitisk vardagssvenska. Tonen ska vara avslappnad och naturlig, inte stereotyp eller fonetiskt skriven. Behåll exakt samma betydelse och lägg inte till information.",Jag vill tala med någon som kan lösa problemet.,Jag vill prata med någon som kan lösa problemet.,,
validation,customer_service,rewrite_malmo_medium,customer_service-03,synthetic_needs_review,"Skriv om meningen på modern malmöitisk vardagssvenska med tydlig men naturlig vardagston. Undvik karikatyr och överanvänd inte regionala markörer. Behåll exakt samma betydelse, negationer och sakuppgifter.",Jag vill tala med någon som kan lösa problemet.,Jag vill snacka med någon som faktiskt kan fixa det här.,,
validation,customer_service,neutralize,customer_service-03,synthetic_needs_review,"Skriv om meningen på neutral standardsvenska utan slang eller regionala uttryck. Behåll exakt samma betydelse, negationer och sakuppgifter.",Jag vill snacka med någon som faktiskt kan fixa det här.,Jag vill tala med någon som kan lösa problemet.,,
validation,customer_service,rewrite_slang,customer_service-04,synthetic_needs_review,"Skriv om meningen på naturlig svensk vardagsslang. Behåll exakt samma betydelse, negationer, namn och sakuppgifter. Lägg inte till någon ny information.",Ni har debiterat mig två gånger.,Ni har dragit pengar två gånger.,,
validation,customer_service,rewrite_malmo_mild,customer_service-04,synthetic_needs_review,"Skriv om meningen på modern, mild malmöitisk vardagssvenska. Tonen ska vara avslappnad och naturlig, inte stereotyp eller fonetiskt skriven. Behåll exakt samma betydelse och lägg inte till information.",Ni har debiterat mig två gånger.,Ni har tagit betalt två gånger.,,
validation,customer_service,rewrite_malmo_medium,customer_service-04,synthetic_needs_review,"Skriv om meningen på modern malmöitisk vardagssvenska med tydlig men naturlig vardagston. Undvik karikatyr och överanvänd inte regionala markörer. Behåll exakt samma betydelse, negationer och sakuppgifter.",Ni har debiterat mig två gånger.,Ni har ju dragit pengarna två gånger.,,
validation,customer_service,neutralize,customer_service-04,synthetic_needs_review,"Skriv om meningen på neutral standardsvenska utan slang eller regionala uttryck. Behåll exakt samma betydelse, negationer och sakuppgifter.",Ni har ju dragit pengarna två gånger.,Ni har debiterat mig två gånger.,,
validation,customer_service,rewrite_slang,customer_service-05,synthetic_needs_review,"Skriv om meningen på naturlig svensk vardagsslang. Behåll exakt samma betydelse, negationer, namn och sakuppgifter. Lägg inte till någon ny information.",Jag tänker inte betala för en tjänst som inte fungerar.,Jag tänker inte betala för något som inte funkar.,,
validation,customer_service,rewrite_malmo_mild,customer_service-05,synthetic_needs_review,"Skriv om meningen på modern, mild malmöitisk vardagssvenska. Tonen ska vara avslappnad och naturlig, inte stereotyp eller fonetiskt skriven. Behåll exakt samma betydelse och lägg inte till information.",Jag tänker inte betala för en tjänst som inte fungerar.,Jag betalar inte för en tjänst som inte fungerar.,,
validation,customer_service,rewrite_malmo_medium,customer_service-05,synthetic_needs_review,"Skriv om meningen på modern malmöitisk vardagssvenska med tydlig men naturlig vardagston. Undvik karikatyr och överanvänd inte regionala markörer. Behåll exakt samma betydelse, negationer och sakuppgifter.",Jag tänker inte betala för en tjänst som inte fungerar.,"Nä, jag betalar inte för något som inte ens funkar.",,
validation,customer_service,neutralize,customer_service-05,synthetic_needs_review,"Skriv om meningen på neutral standardsvenska utan slang eller regionala uttryck. Behåll exakt samma betydelse, negationer och sakuppgifter.","Nä, jag betalar inte för något som inte ens funkar.",Jag tänker inte betala för en tjänst som inte fungerar.,,
validation,customer_service,rewrite_slang,customer_service-06,synthetic_needs_review,"Skriv om meningen på naturlig svensk vardagsslang. Behåll exakt samma betydelse, negationer, namn och sakuppgifter. Lägg inte till någon ny information.",Kan ni skicka en skriftlig bekräftelse?,Kan ni skicka en bekräftelse skriftligt?,,
validation,customer_service,rewrite_malmo_mild,customer_service-06,synthetic_needs_review,"Skriv om meningen på modern, mild malmöitisk vardagssvenska. Tonen ska vara avslappnad och naturlig, inte stereotyp eller fonetiskt skriven. Behåll exakt samma betydelse och lägg inte till information.",Kan ni skicka en skriftlig bekräftelse?,Kan ni skicka en skriftlig bekräftelse?,,
validation,customer_service,rewrite_malmo_medium,customer_service-06,synthetic_needs_review,"Skriv om meningen på modern malmöitisk vardagssvenska med tydlig men naturlig vardagston. Undvik karikatyr och överanvänd inte regionala markörer. Behåll exakt samma betydelse, negationer och sakuppgifter.",Kan ni skicka en skriftlig bekräftelse?,Kan ni skicka det där skriftligt till mig?,,
validation,customer_service,neutralize,customer_service-06,synthetic_needs_review,"Skriv om meningen på neutral standardsvenska utan slang eller regionala uttryck. Behåll exakt samma betydelse, negationer och sakuppgifter.",Kan ni skicka det där skriftligt till mig?,Kan ni skicka en skriftlig bekräftelse?,,
validation,customer_service,chat_malmo_mild,customer_service-chat-01,synthetic_needs_review,"Svara kort, hjälpsamt och naturligt på mild modern malmöitisk vardagssvenska. Hitta inte på fakta och använd inte dialektmarkörer i varje mening.",De har dragit pengar två gånger.,Kontakta företaget med datum och belopp och be om rättelse och skriftlig bekräftelse.,,
validation,customer_service,chat_malmo_medium,customer_service-chat-01,synthetic_needs_review,Svara kort och konkret på modern malmöitisk vardagssvenska. Tonen får vara urban och avslappnad men inte stereotyp. Hitta inte på fakta.,De har dragit pengar två gånger.,Hör av dig med datum och belopp och kräv att de rättar det skriftligt.,,
validation,customer_service,chat_malmo_mild,customer_service-chat-02,synthetic_needs_review,"Svara kort, hjälpsamt och naturligt på mild modern malmöitisk vardagssvenska. Hitta inte på fakta och använd inte dialektmarkörer i varje mening.",Jag fick fel vara.,Fotografera varan och förpackningen och kontakta säljaren innan du returnerar något.,,
validation,customer_service,chat_malmo_medium,customer_service-chat-02,synthetic_needs_review,Svara kort och konkret på modern malmöitisk vardagssvenska. Tonen får vara urban och avslappnad men inte stereotyp. Hitta inte på fakta.,Jag fick fel vara.,Ta bilder på varan och paketet och hör av dig innan du skickar tillbaka något.,,
validation,exercise,rewrite_slang,exercise-01,synthetic_needs_review,"Skriv om meningen på naturlig svensk vardagsslang. Behåll exakt samma betydelse, negationer, namn och sakuppgifter. Lägg inte till någon ny information.",Jag är mycket trött efter promenaden.,Jag är helt slut efter promenaden.,,
validation,exercise,rewrite_malmo_mild,exercise-01,synthetic_needs_review,"Skriv om meningen på modern, mild malmöitisk vardagssvenska. Tonen ska vara avslappnad och naturlig, inte stereotyp eller fonetiskt skriven. Behåll exakt samma betydelse och lägg inte till information.",Jag är mycket trött efter promenaden.,Jag är riktigt trött efter promenaden.,,
validation,exercise,rewrite_malmo_medium,exercise-01,synthetic_needs_review,"Skriv om meningen på modern malmöitisk vardagssvenska med tydlig men naturlig vardagston. Undvik karikatyr och överanvänd inte regionala markörer. Behåll exakt samma betydelse, negationer och sakuppgifter.",Jag är mycket trött efter promenaden.,Jag är helt färdig efter promenaden.,,
validation,exercise,neutralize,exercise-01,synthetic_needs_review,"Skriv om meningen på neutral standardsvenska utan slang eller regionala uttryck. Behåll exakt samma betydelse, negationer och sakuppgifter.",Jag är helt färdig efter promenaden.,Jag är mycket trött efter promenaden.,,
validation,exercise,rewrite_slang,exercise-02,synthetic_needs_review,"Skriv om meningen på naturlig svensk vardagsslang. Behåll exakt samma betydelse, negationer, namn och sakuppgifter. Lägg inte till någon ny information.",Jag vill inte träna i regnet.,Jag tänker inte träna i regnet.,,
validation,exercise,rewrite_malmo_mild,exercise-02,synthetic_needs_review,"Skriv om meningen på modern, mild malmöitisk vardagssvenska. Tonen ska vara avslappnad och naturlig, inte stereotyp eller fonetiskt skriven. Behåll exakt samma betydelse och lägg inte till information.",Jag vill inte träna i regnet.,Jag tränar inte i det här regnet.,,
validation,exercise,rewrite_malmo_medium,exercise-02,synthetic_needs_review,"Skriv om meningen på modern malmöitisk vardagssvenska med tydlig men naturlig vardagston. Undvik karikatyr och överanvänd inte regionala markörer. Behåll exakt samma betydelse, negationer och sakuppgifter.",Jag vill inte träna i regnet.,"Nä, jag tänker inte träna i det här vädret.",,
validation,exercise,neutralize,exercise-02,synthetic_needs_review,"Skriv om meningen på neutral standardsvenska utan slang eller regionala uttryck. Behåll exakt samma betydelse, negationer och sakuppgifter.","Nä, jag tänker inte träna i det här vädret.",Jag vill inte träna i regnet.,,
validation,exercise,rewrite_slang,exercise-03,synthetic_needs_review,"Skriv om meningen på naturlig svensk vardagsslang. Behåll exakt samma betydelse, negationer, namn och sakuppgifter. Lägg inte till någon ny information.",Det tog längre tid än vanligt i dag.,Det tog mycket längre tid än vanligt i dag.,,
validation,exercise,rewrite_malmo_mild,exercise-03,synthetic_needs_review,"Skriv om meningen på modern, mild malmöitisk vardagssvenska. Tonen ska vara avslappnad och naturlig, inte stereotyp eller fonetiskt skriven. Behåll exakt samma betydelse och lägg inte till information.",Det tog längre tid än vanligt i dag.,Det tog rätt mycket längre tid i dag.,,
validation,exercise,rewrite_malmo_medium,exercise-03,synthetic_needs_review,"Skriv om meningen på modern malmöitisk vardagssvenska med tydlig men naturlig vardagston. Undvik karikatyr och överanvänd inte regionala markörer. Behåll exakt samma betydelse, negationer och sakuppgifter.",Det tog längre tid än vanligt i dag.,Det tog hur mycket längre tid som helst i dag.,,
validation,exercise,neutralize,exercise-03,synthetic_needs_review,"Skriv om meningen på neutral standardsvenska utan slang eller regionala uttryck. Behåll exakt samma betydelse, negationer och sakuppgifter.",Det tog hur mycket längre tid som helst i dag.,Det tog längre tid än vanligt i dag.,,
validation,exercise,rewrite_slang,exercise-04,synthetic_needs_review,"Skriv om meningen på naturlig svensk vardagsslang. Behåll exakt samma betydelse, negationer, namn och sakuppgifter. Lägg inte till någon ny information.",Jag behöver vila benet en stund.,Jag behöver låta benet vila lite.,,
validation,exercise,rewrite_malmo_mild,exercise-04,synthetic_needs_review,"Skriv om meningen på modern, mild malmöitisk vardagssvenska. Tonen ska vara avslappnad och naturlig, inte stereotyp eller fonetiskt skriven. Behåll exakt samma betydelse och lägg inte till information.",Jag behöver vila benet en stund.,Jag behöver vila benet en stund.,,
validation,exercise,rewrite_malmo_medium,exercise-04,synthetic_needs_review,"Skriv om meningen på modern malmöitisk vardagssvenska med tydlig men naturlig vardagston. Undvik karikatyr och överanvänd inte regionala markörer. Behåll exakt samma betydelse, negationer och sakuppgifter.",Jag behöver vila benet en stund.,Jag får låta benet vila lite nu.,,
validation,exercise,neutralize,exercise-04,synthetic_needs_review,"Skriv om meningen på neutral standardsvenska utan slang eller regionala uttryck. Behåll exakt samma betydelse, negationer och sakuppgifter.",Jag får låta benet vila lite nu.,Jag behöver vila benet en stund.,,
validation,exercise,rewrite_slang,exercise-05,synthetic_needs_review,"Skriv om meningen på naturlig svensk vardagsslang. Behåll exakt samma betydelse, negationer, namn och sakuppgifter. Lägg inte till någon ny information.",Jag glömde vattenflaskan hemma.,Jag glömde så klart vattenflaskan hemma.,,
validation,exercise,rewrite_malmo_mild,exercise-05,synthetic_needs_review,"Skriv om meningen på modern, mild malmöitisk vardagssvenska. Tonen ska vara avslappnad och naturlig, inte stereotyp eller fonetiskt skriven. Behåll exakt samma betydelse och lägg inte till information.",Jag glömde vattenflaskan hemma.,Jag fick inte med mig vattenflaskan.,,
validation,exercise,rewrite_malmo_medium,exercise-05,synthetic_needs_review,"Skriv om meningen på modern malmöitisk vardagssvenska med tydlig men naturlig vardagston. Undvik karikatyr och överanvänd inte regionala markörer. Behåll exakt samma betydelse, negationer och sakuppgifter.",Jag glömde vattenflaskan hemma.,"Jag glömde vattenflaskan hemma, så klart.",,
validation,exercise,neutralize,exercise-05,synthetic_needs_review,"Skriv om meningen på neutral standardsvenska utan slang eller regionala uttryck. Behåll exakt samma betydelse, negationer och sakuppgifter.","Jag glömde vattenflaskan hemma, så klart.",Jag glömde vattenflaskan hemma.,,
validation,exercise,rewrite_slang,exercise-06,synthetic_needs_review,"Skriv om meningen på naturlig svensk vardagsslang. Behåll exakt samma betydelse, negationer, namn och sakuppgifter. Lägg inte till någon ny information.",Jag orkar inte ta en extra runda.,Jag pallar inte ta en runda till.,,
validation,exercise,rewrite_malmo_mild,exercise-06,synthetic_needs_review,"Skriv om meningen på modern, mild malmöitisk vardagssvenska. Tonen ska vara avslappnad och naturlig, inte stereotyp eller fonetiskt skriven. Behåll exakt samma betydelse och lägg inte till information.",Jag orkar inte ta en extra runda.,Jag orkar inte gå en extra runda.,,
validation,exercise,rewrite_malmo_medium,exercise-06,synthetic_needs_review,"Skriv om meningen på modern malmöitisk vardagssvenska med tydlig men naturlig vardagston. Undvik karikatyr och överanvänd inte regionala markörer. Behåll exakt samma betydelse, negationer och sakuppgifter.",Jag orkar inte ta en extra runda.,Jag pallar inte en runda till i dag.,,
validation,exercise,neutralize,exercise-06,synthetic_needs_review,"Skriv om meningen på neutral standardsvenska utan slang eller regionala uttryck. Behåll exakt samma betydelse, negationer och sakuppgifter.",Jag pallar inte en runda till i dag.,Jag orkar inte ta en extra runda.,,
validation,exercise,chat_malmo_mild,exercise-chat-01,synthetic_needs_review,"Svara kort, hjälpsamt och naturligt på mild modern malmöitisk vardagssvenska. Hitta inte på fakta och använd inte dialektmarkörer i varje mening.",Benet känns stelt efter promenaden.,Ta det lugnt och avbryt träningen om stelheten ökar eller om du får smärta.,,
validation,exercise,chat_malmo_medium,exercise-chat-01,synthetic_needs_review,Svara kort och konkret på modern malmöitisk vardagssvenska. Tonen får vara urban och avslappnad men inte stereotyp. Hitta inte på fakta.,Benet känns stelt efter promenaden.,Ta det lugnt. Sluta träna om det blir värre eller börjar göra ont.,,
validation,exercise,chat_malmo_mild,exercise-chat-02,synthetic_needs_review,"Svara kort, hjälpsamt och naturligt på mild modern malmöitisk vardagssvenska. Hitta inte på fakta och använd inte dialektmarkörer i varje mening.",Jag glömde vatten.,Minska intensiteten och ordna vatten innan du fortsätter en längre sträcka.,,
validation,exercise,chat_malmo_medium,exercise-chat-02,synthetic_needs_review,Svara kort och konkret på modern malmöitisk vardagssvenska. Tonen får vara urban och avslappnad men inte stereotyp. Hitta inte på fakta.,Jag glömde vatten.,Ta det lugnare och fixa vatten innan du fortsätter långt.,,
validation,entertainment,rewrite_slang,entertainment-01,synthetic_needs_review,"Skriv om meningen på naturlig svensk vardagsslang. Behåll exakt samma betydelse, negationer, namn och sakuppgifter. Lägg inte till någon ny information.",Filmen var mycket sämre än jag hade väntat mig.,Filmen var mycket sämre än jag trodde.,,
validation,entertainment,rewrite_malmo_mild,entertainment-01,synthetic_needs_review,"Skriv om meningen på modern, mild malmöitisk vardagssvenska. Tonen ska vara avslappnad och naturlig, inte stereotyp eller fonetiskt skriven. Behåll exakt samma betydelse och lägg inte till information.",Filmen var mycket sämre än jag hade väntat mig.,Filmen var rätt mycket sämre än jag väntade mig.,,
validation,entertainment,rewrite_malmo_medium,entertainment-01,synthetic_needs_review,"Skriv om meningen på modern malmöitisk vardagssvenska med tydlig men naturlig vardagston. Undvik karikatyr och överanvänd inte regionala markörer. Behåll exakt samma betydelse, negationer och sakuppgifter.",Filmen var mycket sämre än jag hade väntat mig.,Filmen var riktigt kass jämfört med vad jag hade väntat mig.,,
validation,entertainment,neutralize,entertainment-01,synthetic_needs_review,"Skriv om meningen på neutral standardsvenska utan slang eller regionala uttryck. Behåll exakt samma betydelse, negationer och sakuppgifter.",Filmen var riktigt kass jämfört med vad jag hade väntat mig.,Filmen var mycket sämre än jag hade väntat mig.,,
validation,entertainment,rewrite_slang,entertainment-02,synthetic_needs_review,"Skriv om meningen på naturlig svensk vardagsslang. Behåll exakt samma betydelse, negationer, namn och sakuppgifter. Lägg inte till någon ny information.",Jag förstod inte slutet.,Jag fattade inte slutet.,,
validation,entertainment,rewrite_malmo_mild,entertainment-02,synthetic_needs_review,"Skriv om meningen på modern, mild malmöitisk vardagssvenska. Tonen ska vara avslappnad och naturlig, inte stereotyp eller fonetiskt skriven. Behåll exakt samma betydelse och lägg inte till information.",Jag förstod inte slutet.,Jag fattade inte riktigt slutet.,,
validation,entertainment,rewrite_malmo_medium,entertainment-02,synthetic_needs_review,"Skriv om meningen på modern malmöitisk vardagssvenska med tydlig men naturlig vardagston. Undvik karikatyr och överanvänd inte regionala markörer. Behåll exakt samma betydelse, negationer och sakuppgifter.",Jag förstod inte slutet.,Jag fattade ärligt talat inte slutet alls.,,
validation,entertainment,neutralize,entertainment-02,synthetic_needs_review,"Skriv om meningen på neutral standardsvenska utan slang eller regionala uttryck. Behåll exakt samma betydelse, negationer och sakuppgifter.",Jag fattade ärligt talat inte slutet alls.,Jag förstod inte slutet.,,
validation,entertainment,rewrite_slang,entertainment-03,synthetic_needs_review,"Skriv om meningen på naturlig svensk vardagsslang. Behåll exakt samma betydelse, negationer, namn och sakuppgifter. Lägg inte till någon ny information.",Serien blir bättre efter några avsnitt.,Serien blir bättre efter ett par avsnitt.,,
validation,entertainment,rewrite_malmo_mild,entertainment-03,synthetic_needs_review,"Skriv om meningen på modern, mild malmöitisk vardagssvenska. Tonen ska vara avslappnad och naturlig, inte stereotyp eller fonetiskt skriven. Behåll exakt samma betydelse och lägg inte till information.",Serien blir bättre efter några avsnitt.,Serien tar sig efter några avsnitt.,,
validation,entertainment,rewrite_malmo_medium,entertainment-03,synthetic_needs_review,"Skriv om meningen på modern malmöitisk vardagssvenska med tydlig men naturlig vardagston. Undvik karikatyr och överanvänd inte regionala markörer. Behåll exakt samma betydelse, negationer och sakuppgifter.",Serien blir bättre efter några avsnitt.,Serien blir faktiskt bättre efter ett par avsnitt.,,
validation,entertainment,neutralize,entertainment-03,synthetic_needs_review,"Skriv om meningen på neutral standardsvenska utan slang eller regionala uttryck. Behåll exakt samma betydelse, negationer och sakuppgifter.",Serien blir faktiskt bättre efter ett par avsnitt.,Serien blir bättre efter några avsnitt.,,
validation,entertainment,rewrite_slang,entertainment-04,synthetic_needs_review,"Skriv om meningen på naturlig svensk vardagsslang. Behåll exakt samma betydelse, negationer, namn och sakuppgifter. Lägg inte till någon ny information.",Jag vill inte se samma avsnitt igen.,Jag tänker inte se samma avsnitt igen.,,
validation,entertainment,rewrite_malmo_mild,entertainment-04,synthetic_needs_review,"Skriv om meningen på modern, mild malmöitisk vardagssvenska. Tonen ska vara avslappnad och naturlig, inte stereotyp eller fonetiskt skriven. Behåll exakt samma betydelse och lägg inte till information.",Jag vill inte se samma avsnitt igen.,Jag vill inte se om samma avsnitt.,,
validation,entertainment,rewrite_malmo_medium,entertainment-04,synthetic_needs_review,"Skriv om meningen på modern malmöitisk vardagssvenska med tydlig men naturlig vardagston. Undvik karikatyr och överanvänd inte regionala markörer. Behåll exakt samma betydelse, negationer och sakuppgifter.",Jag vill inte se samma avsnitt igen.,"Nä, jag tänker inte se samma avsnitt en gång till.",,
validation,entertainment,neutralize,entertainment-04,synthetic_needs_review,"Skriv om meningen på neutral standardsvenska utan slang eller regionala uttryck. Behåll exakt samma betydelse, negationer och sakuppgifter.","Nä, jag tänker inte se samma avsnitt en gång till.",Jag vill inte se samma avsnitt igen.,,
validation,entertainment,rewrite_slang,entertainment-05,synthetic_needs_review,"Skriv om meningen på naturlig svensk vardagsslang. Behåll exakt samma betydelse, negationer, namn och sakuppgifter. Lägg inte till någon ny information.",Ljudet är mycket lägre än bilden.,Ljudet är mycket lägre än resten.,,
validation,entertainment,rewrite_malmo_mild,entertainment-05,synthetic_needs_review,"Skriv om meningen på modern, mild malmöitisk vardagssvenska. Tonen ska vara avslappnad och naturlig, inte stereotyp eller fonetiskt skriven. Behåll exakt samma betydelse och lägg inte till information.",Ljudet är mycket lägre än bilden.,Ljudet är riktigt lågt.,,
validation,entertainment,rewrite_malmo_medium,entertainment-05,synthetic_needs_review,"Skriv om meningen på modern malmöitisk vardagssvenska med tydlig men naturlig vardagston. Undvik karikatyr och överanvänd inte regionala markörer. Behåll exakt samma betydelse, negationer och sakuppgifter.",Ljudet är mycket lägre än bilden.,Ljudet är ju hur lågt som helst.,,
validation,entertainment,neutralize,entertainment-05,synthetic_needs_review,"Skriv om meningen på neutral standardsvenska utan slang eller regionala uttryck. Behåll exakt samma betydelse, negationer och sakuppgifter.",Ljudet är ju hur lågt som helst.,Ljudet är mycket lägre än bilden.,,
validation,entertainment,rewrite_slang,entertainment-06,synthetic_needs_review,"Skriv om meningen på naturlig svensk vardagsslang. Behåll exakt samma betydelse, negationer, namn och sakuppgifter. Lägg inte till någon ny information.",Vi kan fortsätta titta i morgon.,Vi kan kolla vidare i morgon.,,
validation,entertainment,rewrite_malmo_mild,entertainment-06,synthetic_needs_review,"Skriv om meningen på modern, mild malmöitisk vardagssvenska. Tonen ska vara avslappnad och naturlig, inte stereotyp eller fonetiskt skriven. Behåll exakt samma betydelse och lägg inte till information.",Vi kan fortsätta titta i morgon.,Vi kan fortsätta i morgon.,,
validation,entertainment,rewrite_malmo_medium,entertainment-06,synthetic_needs_review,"Skriv om meningen på modern malmöitisk vardagssvenska med tydlig men naturlig vardagston. Undvik karikatyr och överanvänd inte regionala markörer. Behåll exakt samma betydelse, negationer och sakuppgifter.",Vi kan fortsätta titta i morgon.,Vi tar resten i morgon.,,
validation,entertainment,neutralize,entertainment-06,synthetic_needs_review,"Skriv om meningen på neutral standardsvenska utan slang eller regionala uttryck. Behåll exakt samma betydelse, negationer och sakuppgifter.",Vi tar resten i morgon.,Vi kan fortsätta titta i morgon.,,
validation,entertainment,chat_malmo_mild,entertainment-chat-01,synthetic_needs_review,"Svara kort, hjälpsamt och naturligt på mild modern malmöitisk vardagssvenska. Hitta inte på fakta och använd inte dialektmarkörer i varje mening.",Jag fattade inte slutet på filmen.,"Beskriv vilken del som var oklar, så går det att reda ut utan att gissa.",,
validation,entertainment,chat_malmo_medium,entertainment-chat-01,synthetic_needs_review,Svara kort och konkret på modern malmöitisk vardagssvenska. Tonen får vara urban och avslappnad men inte stereotyp. Hitta inte på fakta.,Jag fattade inte slutet på filmen.,"Säg vilken del som var oklar, så kan vi reda ut den utan att hitta på.",,
validation,entertainment,chat_malmo_mild,entertainment-chat-02,synthetic_needs_review,"Svara kort, hjälpsamt och naturligt på mild modern malmöitisk vardagssvenska. Hitta inte på fakta och använd inte dialektmarkörer i varje mening.",Är serien värd att fortsätta med?,"Det beror på vad du ogillar, men några serier förändras efter de första avsnitten.",,
validation,entertainment,chat_malmo_medium,entertainment-chat-02,synthetic_needs_review,Svara kort och konkret på modern malmöitisk vardagssvenska. Tonen får vara urban och avslappnad men inte stereotyp. Hitta inte på fakta.,Är serien värd att fortsätta med?,"Det beror på vad du stör dig på, men vissa serier tar sig efter några avsnitt.",,
test,public_services,rewrite_slang,public_services-01,synthetic_needs_review,"Skriv om meningen på naturlig svensk vardagsslang. Behåll exakt samma betydelse, negationer, namn och sakuppgifter. Lägg inte till någon ny information.",Jag hittar inte rätt blankett på webbplatsen.,Jag hittar inte rätt formulär på sidan.,,
test,public_services,rewrite_malmo_mild,public_services-01,synthetic_needs_review,"Skriv om meningen på modern, mild malmöitisk vardagssvenska. Tonen ska vara avslappnad och naturlig, inte stereotyp eller fonetiskt skriven. Behåll exakt samma betydelse och lägg inte till information.",Jag hittar inte rätt blankett på webbplatsen.,Jag hittar inte rätt blankett på hemsidan.,,
test,public_services,rewrite_malmo_medium,public_services-01,synthetic_needs_review,"Skriv om meningen på modern malmöitisk vardagssvenska med tydlig men naturlig vardagston. Undvik karikatyr och överanvänd inte regionala markörer. Behåll exakt samma betydelse, negationer och sakuppgifter.",Jag hittar inte rätt blankett på webbplatsen.,Jag fattar inte var de har lagt rätt blankett.,,
test,public_services,neutralize,public_services-01,synthetic_needs_review,"Skriv om meningen på neutral standardsvenska utan slang eller regionala uttryck. Behåll exakt samma betydelse, negationer och sakuppgifter.",Jag fattar inte var de har lagt rätt blankett.,Jag hittar inte rätt blankett på webbplatsen.,,
test,public_services,rewrite_slang,public_services-02,synthetic_needs_review,"Skriv om meningen på naturlig svensk vardagsslang. Behåll exakt samma betydelse, negationer, namn och sakuppgifter. Lägg inte till någon ny information.",Det är svårt att förstå instruktionerna.,Det är svårt att fatta instruktionerna.,,
test,public_services,rewrite_malmo_mild,public_services-02,synthetic_needs_review,"Skriv om meningen på modern, mild malmöitisk vardagssvenska. Tonen ska vara avslappnad och naturlig, inte stereotyp eller fonetiskt skriven. Behåll exakt samma betydelse och lägg inte till information.",Det är svårt att förstå instruktionerna.,Instruktionerna är rätt svåra att förstå.,,
test,public_services,rewrite_malmo_medium,public_services-02,synthetic_needs_review,"Skriv om meningen på modern malmöitisk vardagssvenska med tydlig men naturlig vardagston. Undvik karikatyr och överanvänd inte regionala markörer. Behåll exakt samma betydelse, negationer och sakuppgifter.",Det är svårt att förstå instruktionerna.,Instruktionerna är ett jäkla klydd att fatta.,,
test,public_services,neutralize,public_services-02,synthetic_needs_review,"Skriv om meningen på neutral standardsvenska utan slang eller regionala uttryck. Behåll exakt samma betydelse, negationer och sakuppgifter.",Instruktionerna är ett jäkla klydd att fatta.,Det är svårt att förstå instruktionerna.,,
test,public_services,rewrite_slang,public_services-03,synthetic_needs_review,"Skriv om meningen på naturlig svensk vardagsslang. Behåll exakt samma betydelse, negationer, namn och sakuppgifter. Lägg inte till någon ny information.",Jag har inte fått något beslut ännu.,Jag har inte fått något besked än.,,
test,public_services,rewrite_malmo_mild,public_services-03,synthetic_needs_review,"Skriv om meningen på modern, mild malmöitisk vardagssvenska. Tonen ska vara avslappnad och naturlig, inte stereotyp eller fonetiskt skriven. Behåll exakt samma betydelse och lägg inte till information.",Jag har inte fått något beslut ännu.,Jag har inte fått beslutet än.,,
test,public_services,rewrite_malmo_medium,public_services-03,synthetic_needs_review,"Skriv om meningen på modern malmöitisk vardagssvenska med tydlig men naturlig vardagston. Undvik karikatyr och överanvänd inte regionala markörer. Behåll exakt samma betydelse, negationer och sakuppgifter.",Jag har inte fått något beslut ännu.,Jag har fortfarande inte fått något besked.,,
test,public_services,neutralize,public_services-03,synthetic_needs_review,"Skriv om meningen på neutral standardsvenska utan slang eller regionala uttryck. Behåll exakt samma betydelse, negationer och sakuppgifter.",Jag har fortfarande inte fått något besked.,Jag har inte fått något beslut ännu.,,
test,public_services,rewrite_slang,public_services-04,synthetic_needs_review,"Skriv om meningen på naturlig svensk vardagsslang. Behåll exakt samma betydelse, negationer, namn och sakuppgifter. Lägg inte till någon ny information.",De bad mig skicka samma uppgifter igen.,De ville att jag skulle skicka samma grejer igen.,,
test,public_services,rewrite_malmo_mild,public_services-04,synthetic_needs_review,"Skriv om meningen på modern, mild malmöitisk vardagssvenska. Tonen ska vara avslappnad och naturlig, inte stereotyp eller fonetiskt skriven. Behåll exakt samma betydelse och lägg inte till information.",De bad mig skicka samma uppgifter igen.,De bad mig skicka samma uppgifter en gång till.,,
test,public_services,rewrite_malmo_medium,public_services-04,synthetic_needs_review,"Skriv om meningen på modern malmöitisk vardagssvenska med tydlig men naturlig vardagston. Undvik karikatyr och överanvänd inte regionala markörer. Behåll exakt samma betydelse, negationer och sakuppgifter.",De bad mig skicka samma uppgifter igen.,De vill att jag ska skicka in samma grejer igen.,,
test,public_services,neutralize,public_services-04,synthetic_needs_review,"Skriv om meningen på neutral standardsvenska utan slang eller regionala uttryck. Behåll exakt samma betydelse, negationer och sakuppgifter.",De vill att jag ska skicka in samma grejer igen.,De bad mig skicka samma uppgifter igen.,,
test,public_services,rewrite_slang,public_services-05,synthetic_needs_review,"Skriv om meningen på naturlig svensk vardagsslang. Behåll exakt samma betydelse, negationer, namn och sakuppgifter. Lägg inte till någon ny information.",Jag vill veta vem som ansvarar för ärendet.,Jag vill veta vem som har hand om ärendet.,,
test,public_services,rewrite_malmo_mild,public_services-05,synthetic_needs_review,"Skriv om meningen på modern, mild malmöitisk vardagssvenska. Tonen ska vara avslappnad och naturlig, inte stereotyp eller fonetiskt skriven. Behåll exakt samma betydelse och lägg inte till information.",Jag vill veta vem som ansvarar för ärendet.,Jag vill veta vem som ansvarar för mitt ärende.,,
test,public_services,rewrite_malmo_medium,public_services-05,synthetic_needs_review,"Skriv om meningen på modern malmöitisk vardagssvenska med tydlig men naturlig vardagston. Undvik karikatyr och överanvänd inte regionala markörer. Behåll exakt samma betydelse, negationer och sakuppgifter.",Jag vill veta vem som ansvarar för ärendet.,Jag vill veta vem som faktiskt har hand om det här.,,
test,public_services,neutralize,public_services-05,synthetic_needs_review,"Skriv om meningen på neutral standardsvenska utan slang eller regionala uttryck. Behåll exakt samma betydelse, negationer och sakuppgifter.",Jag vill veta vem som faktiskt har hand om det här.,Jag vill veta vem som ansvarar för ärendet.,,
test,public_services,rewrite_slang,public_services-06,synthetic_needs_review,"Skriv om meningen på naturlig svensk vardagsslang. Behåll exakt samma betydelse, negationer, namn och sakuppgifter. Lägg inte till någon ny information.",Det går inte att logga in med mitt konto.,Jag kan inte logga in med mitt konto.,,
test,public_services,rewrite_malmo_mild,public_services-06,synthetic_needs_review,"Skriv om meningen på modern, mild malmöitisk vardagssvenska. Tonen ska vara avslappnad och naturlig, inte stereotyp eller fonetiskt skriven. Behåll exakt samma betydelse och lägg inte till information.",Det går inte att logga in med mitt konto.,Inloggningen fungerar inte med mitt konto.,,
test,public_services,rewrite_malmo_medium,public_services-06,synthetic_needs_review,"Skriv om meningen på modern malmöitisk vardagssvenska med tydlig men naturlig vardagston. Undvik karikatyr och överanvänd inte regionala markörer. Behåll exakt samma betydelse, negationer och sakuppgifter.",Det går inte att logga in med mitt konto.,Det går inte ens att logga in med mitt konto.,,
test,public_services,neutralize,public_services-06,synthetic_needs_review,"Skriv om meningen på neutral standardsvenska utan slang eller regionala uttryck. Behåll exakt samma betydelse, negationer och sakuppgifter.",Det går inte ens att logga in med mitt konto.,Det går inte att logga in med mitt konto.,,
test,public_services,chat_malmo_mild,public_services-chat-01,synthetic_needs_review,"Svara kort, hjälpsamt och naturligt på mild modern malmöitisk vardagssvenska. Hitta inte på fakta och använd inte dialektmarkörer i varje mening.",Jag hittar inte rätt blankett.,Sök på tjänstens namn och kontrollera myndighetens officiella webbplats eller kontaktsida.,,
test,public_services,chat_malmo_medium,public_services-chat-01,synthetic_needs_review,Svara kort och konkret på modern malmöitisk vardagssvenska. Tonen får vara urban och avslappnad men inte stereotyp. Hitta inte på fakta.,Jag hittar inte rätt blankett.,"Sök på tjänstens namn på den officiella sidan. Hittar du inget, hör av dig till dem.",,
test,public_services,chat_malmo_mild,public_services-chat-02,synthetic_needs_review,"Svara kort, hjälpsamt och naturligt på mild modern malmöitisk vardagssvenska. Hitta inte på fakta och använd inte dialektmarkörer i varje mening.",Jag har inte fått något beslut.,Kontrollera ärendestatusen och kontakta ansvarig handläggare om tidsfristen har passerat.,,
test,public_services,chat_malmo_medium,public_services-chat-02,synthetic_needs_review,Svara kort och konkret på modern malmöitisk vardagssvenska. Tonen får vara urban och avslappnad men inte stereotyp. Hitta inte på fakta.,Jag har inte fått något beslut.,Kolla statusen och hör av dig till handläggaren om tiden har gått ut.,,
test,neighbourhood,rewrite_slang,neighbourhood-01,synthetic_needs_review,"Skriv om meningen på naturlig svensk vardagsslang. Behåll exakt samma betydelse, negationer, namn och sakuppgifter. Lägg inte till någon ny information.",Det är mycket oväsen utanför i kväll.,Det är skitmycket oväsen utanför i kväll.,,
test,neighbourhood,rewrite_malmo_mild,neighbourhood-01,synthetic_needs_review,"Skriv om meningen på modern, mild malmöitisk vardagssvenska. Tonen ska vara avslappnad och naturlig, inte stereotyp eller fonetiskt skriven. Behåll exakt samma betydelse och lägg inte till information.",Det är mycket oväsen utanför i kväll.,Det är riktigt stökigt utanför i kväll.,,
test,neighbourhood,rewrite_malmo_medium,neighbourhood-01,synthetic_needs_review,"Skriv om meningen på modern malmöitisk vardagssvenska med tydlig men naturlig vardagston. Undvik karikatyr och överanvänd inte regionala markörer. Behåll exakt samma betydelse, negationer och sakuppgifter.",Det är mycket oväsen utanför i kväll.,Det är ett jäkla liv utanför i kväll.,,
test,neighbourhood,neutralize,neighbourhood-01,synthetic_needs_review,"Skriv om meningen på neutral standardsvenska utan slang eller regionala uttryck. Behåll exakt samma betydelse, negationer och sakuppgifter.",Det är ett jäkla liv utanför i kväll.,Det är mycket oväsen utanför i kväll.,,
test,neighbourhood,rewrite_slang,neighbourhood-02,synthetic_needs_review,"Skriv om meningen på naturlig svensk vardagsslang. Behåll exakt samma betydelse, negationer, namn och sakuppgifter. Lägg inte till någon ny information.",Någon har lämnat skräp vid porten.,Någon har dumpat skräp vid porten.,,
test,neighbourhood,rewrite_malmo_mild,neighbourhood-02,synthetic_needs_review,"Skriv om meningen på modern, mild malmöitisk vardagssvenska. Tonen ska vara avslappnad och naturlig, inte stereotyp eller fonetiskt skriven. Behåll exakt samma betydelse och lägg inte till information.",Någon har lämnat skräp vid porten.,Någon har lämnat skräp utanför porten.,,
test,neighbourhood,rewrite_malmo_medium,neighbourhood-02,synthetic_needs_review,"Skriv om meningen på modern malmöitisk vardagssvenska med tydlig men naturlig vardagston. Undvik karikatyr och överanvänd inte regionala markörer. Behåll exakt samma betydelse, negationer och sakuppgifter.",Någon har lämnat skräp vid porten.,Någon har bara huttat skräp vid porten.,,
test,neighbourhood,neutralize,neighbourhood-02,synthetic_needs_review,"Skriv om meningen på neutral standardsvenska utan slang eller regionala uttryck. Behåll exakt samma betydelse, negationer och sakuppgifter.",Någon har bara huttat skräp vid porten.,Någon har lämnat skräp vid porten.,,
test,neighbourhood,rewrite_slang,neighbourhood-03,synthetic_needs_review,"Skriv om meningen på naturlig svensk vardagsslang. Behåll exakt samma betydelse, negationer, namn och sakuppgifter. Lägg inte till någon ny information.",Jag känner inte igen bilen på gården.,Jag känner inte igen bilen som står på gården.,,
test,neighbourhood,rewrite_malmo_mild,neighbourhood-03,synthetic_needs_review,"Skriv om meningen på modern, mild malmöitisk vardagssvenska. Tonen ska vara avslappnad och naturlig, inte stereotyp eller fonetiskt skriven. Behåll exakt samma betydelse och lägg inte till information.",Jag känner inte igen bilen på gården.,Jag känner inte igen den bilen på gården.,,
test,neighbourhood,rewrite_malmo_medium,neighbourhood-03,synthetic_needs_review,"Skriv om meningen på modern malmöitisk vardagssvenska med tydlig men naturlig vardagston. Undvik karikatyr och överanvänd inte regionala markörer. Behåll exakt samma betydelse, negationer och sakuppgifter.",Jag känner inte igen bilen på gården.,Jag har aldrig sett den där bilen på gården förut.,,
test,neighbourhood,neutralize,neighbourhood-03,synthetic_needs_review,"Skriv om meningen på neutral standardsvenska utan slang eller regionala uttryck. Behåll exakt samma betydelse, negationer och sakuppgifter.",Jag har aldrig sett den där bilen på gården förut.,Jag känner inte igen bilen på gården.,,
test,neighbourhood,rewrite_slang,neighbourhood-04,synthetic_needs_review,"Skriv om meningen på naturlig svensk vardagsslang. Behåll exakt samma betydelse, negationer, namn och sakuppgifter. Lägg inte till någon ny information.",Hissen fungerar inte igen.,Hissen funkar inte igen.,,
test,neighbourhood,rewrite_malmo_mild,neighbourhood-04,synthetic_needs_review,"Skriv om meningen på modern, mild malmöitisk vardagssvenska. Tonen ska vara avslappnad och naturlig, inte stereotyp eller fonetiskt skriven. Behåll exakt samma betydelse och lägg inte till information.",Hissen fungerar inte igen.,Hissen har slutat fungera igen.,,
test,neighbourhood,rewrite_malmo_medium,neighbourhood-04,synthetic_needs_review,"Skriv om meningen på modern malmöitisk vardagssvenska med tydlig men naturlig vardagston. Undvik karikatyr och överanvänd inte regionala markörer. Behåll exakt samma betydelse, negationer och sakuppgifter.",Hissen fungerar inte igen.,"Hissen har lagt av igen, så klart.",,
test,neighbourhood,neutralize,neighbourhood-04,synthetic_needs_review,"Skriv om meningen på neutral standardsvenska utan slang eller regionala uttryck. Behåll exakt samma betydelse, negationer och sakuppgifter.","Hissen har lagt av igen, så klart.",Hissen fungerar inte igen.,,
test,neighbourhood,rewrite_slang,neighbourhood-05,synthetic_needs_review,"Skriv om meningen på naturlig svensk vardagsslang. Behåll exakt samma betydelse, negationer, namn och sakuppgifter. Lägg inte till någon ny information.",Det luktar illa i trapphuset.,Det luktar riktigt illa i trappan.,,
test,neighbourhood,rewrite_malmo_mild,neighbourhood-05,synthetic_needs_review,"Skriv om meningen på modern, mild malmöitisk vardagssvenska. Tonen ska vara avslappnad och naturlig, inte stereotyp eller fonetiskt skriven. Behåll exakt samma betydelse och lägg inte till information.",Det luktar illa i trapphuset.,Det luktar räligt i trapphuset.,,
test,neighbourhood,rewrite_malmo_medium,neighbourhood-05,synthetic_needs_review,"Skriv om meningen på modern malmöitisk vardagssvenska med tydlig men naturlig vardagston. Undvik karikatyr och överanvänd inte regionala markörer. Behåll exakt samma betydelse, negationer och sakuppgifter.",Det luktar illa i trapphuset.,Det luktar riktigt räligt i hela trappan.,,
test,neighbourhood,neutralize,neighbourhood-05,synthetic_needs_review,"Skriv om meningen på neutral standardsvenska utan slang eller regionala uttryck. Behåll exakt samma betydelse, negationer och sakuppgifter.",Det luktar riktigt räligt i hela trappan.,Det luktar illa i trapphuset.,,
test,neighbourhood,rewrite_slang,neighbourhood-06,synthetic_needs_review,"Skriv om meningen på naturlig svensk vardagsslang. Behåll exakt samma betydelse, negationer, namn och sakuppgifter. Lägg inte till någon ny information.",Jag vill inte lämna cykeln ute över natten.,Jag tänker inte lämna cykeln ute hela natten.,,
test,neighbourhood,rewrite_malmo_mild,neighbourhood-06,synthetic_needs_review,"Skriv om meningen på modern, mild malmöitisk vardagssvenska. Tonen ska vara avslappnad och naturlig, inte stereotyp eller fonetiskt skriven. Behåll exakt samma betydelse och lägg inte till information.",Jag vill inte lämna cykeln ute över natten.,Jag vill inte ha cykeln ute över natten.,,
test,neighbourhood,rewrite_malmo_medium,neighbourhood-06,synthetic_needs_review,"Skriv om meningen på modern malmöitisk vardagssvenska med tydlig men naturlig vardagston. Undvik karikatyr och överanvänd inte regionala markörer. Behåll exakt samma betydelse, negationer och sakuppgifter.",Jag vill inte lämna cykeln ute över natten.,"Nä, jag lämnar inte cykeln ute hela natten.",,
test,neighbourhood,neutralize,neighbourhood-06,synthetic_needs_review,"Skriv om meningen på neutral standardsvenska utan slang eller regionala uttryck. Behåll exakt samma betydelse, negationer och sakuppgifter.","Nä, jag lämnar inte cykeln ute hela natten.",Jag vill inte lämna cykeln ute över natten.,,
test,neighbourhood,chat_malmo_mild,neighbourhood-chat-01,synthetic_needs_review,"Svara kort, hjälpsamt och naturligt på mild modern malmöitisk vardagssvenska. Hitta inte på fakta och använd inte dialektmarkörer i varje mening.",Hissen har lagt av igen.,"Felanmäl den och ange adress, port och när felet började.",,
test,neighbourhood,chat_malmo_medium,neighbourhood-chat-01,synthetic_needs_review,Svara kort och konkret på modern malmöitisk vardagssvenska. Tonen får vara urban och avslappnad men inte stereotyp. Hitta inte på fakta.,Hissen har lagt av igen.,"Felanmäl direkt och skriv adress, port och när den lade av.",,
test,neighbourhood,chat_malmo_mild,neighbourhood-chat-02,synthetic_needs_review,"Svara kort, hjälpsamt och naturligt på mild modern malmöitisk vardagssvenska. Hitta inte på fakta och använd inte dialektmarkörer i varje mening.",Någon har dumpat skräp vid porten.,Dokumentera det och kontakta fastighetsägaren eller den ansvariga för området.,,
test,neighbourhood,chat_malmo_medium,neighbourhood-chat-02,synthetic_needs_review,Svara kort och konkret på modern malmöitisk vardagssvenska. Tonen får vara urban och avslappnad men inte stereotyp. Hitta inte på fakta.,Någon har dumpat skräp vid porten.,Ta en bild och hör av dig till värden eller den som ansvarar för området.,,
